year,race,gest_weeks,births,deaths
2003,Non-Hispanic Black,17,128,106
2003,Non-Hispanic Black,18,203,177
2003,Non-Hispanic Black,19,336,277
2003,Non-Hispanic Black,20,505,411
2003,Non-Hispanic Black,21,671,540
2003,Non-Hispanic Black,22,819,633
2003,Non-Hispanic Black,23,1051,656
2003,Non-Hispanic Black,24,1321,571
2003,Non-Hispanic Black,25,1427,381
2003,Non-Hispanic Black,26,1626,315
2003,Non-Hispanic Black,27,1728,234
2003,Non-Hispanic Black,28,1924,171
2003,Non-Hispanic Black,29,2195,166
2003,Non-Hispanic Black,30,2877,147
2003,Non-Hispanic Black,31,3955,143
2003,Non-Hispanic Black,32,5369,115
2003,Non-Hispanic Black,33,7986,118
2003,Non-Hispanic Black,34,13067,171
2003,Non-Hispanic Black,35,19950,156
2003,Non-Hispanic Black,36,32069,203
2003,Non-Hispanic Black,37,57292,299
2003,Non-Hispanic Black,38,101187,420
2003,Non-Hispanic Black,39,129155,463
2003,Non-Hispanic Black,40,101274,324
2003,Non-Hispanic Black,41,46454,180
2003,Non-Hispanic Black,42,16548,71
2003,Non-Hispanic Black,43,9256,29
2003,Non-Hispanic Black,44,4596,31
2003,Non-Hispanic Black,45,2353,9
2003,Non-Hispanic Black,46,1165,11
2003,Non-Hispanic Black,47,751,11
2003,Non-Hispanic White,17,103,80
2003,Non-Hispanic White,18,214,184
2003,Non-Hispanic White,19,296,255
2003,Non-Hispanic White,20,486,418
2003,Non-Hispanic White,21,695,621
2003,Non-Hispanic White,22,939,779
2003,Non-Hispanic White,23,1133,764
2003,Non-Hispanic White,24,1536,735
2003,Non-Hispanic White,25,1774,552
2003,Non-Hispanic White,26,2116,428
2003,Non-Hispanic White,27,2672,412
2003,Non-Hispanic White,28,3246,331
2003,Non-Hispanic White,29,4047,252
2003,Non-Hispanic White,30,5711,261
2003,Non-Hispanic White,31,8024,272
2003,Non-Hispanic White,32,12016,253
2003,Non-Hispanic White,33,18687,261
2003,Non-Hispanic White,34,32615,361
2003,Non-Hispanic White,35,55822,396
2003,Non-Hispanic White,36,102787,547
2003,Non-Hispanic White,37,203869,726
2003,Non-Hispanic White,38,425938,1083
2003,Non-Hispanic White,39,581275,1110
2003,Non-Hispanic White,40,469255,897
2003,Non-Hispanic White,41,224387,441
2003,Non-Hispanic White,42,71638,180
2003,Non-Hispanic White,43,36275,95
2003,Non-Hispanic White,44,18509,54
2003,Non-Hispanic White,45,9475,26
2003,Non-Hispanic White,46,5133,13
2003,Non-Hispanic White,47,3095,7
2004,Non-Hispanic Black,17,119,96
2004,Non-Hispanic Black,18,227,190
2004,Non-Hispanic Black,19,311,267
2004,Non-Hispanic Black,20,489,416
2004,Non-Hispanic Black,21,644,521
2004,Non-Hispanic Black,22,852,644
2004,Non-Hispanic Black,23,1102,684
2004,Non-Hispanic Black,24,1286,582
2004,Non-Hispanic Black,25,1452,384
2004,Non-Hispanic Black,26,1753,361
2004,Non-Hispanic Black,27,1595,207
2004,Non-Hispanic Black,28,1977,188
2004,Non-Hispanic Black,29,2314,160
2004,Non-Hispanic Black,30,3134,140
2004,Non-Hispanic Black,31,3900,130
2004,Non-Hispanic Black,32,5623,124
2004,Non-Hispanic Black,33,7921,118
2004,Non-Hispanic Black,34,12837,169
2004,Non-Hispanic Black,35,20069,197
2004,Non-Hispanic Black,36,32508,228
2004,Non-Hispanic Black,37,58357,305
2004,Non-Hispanic Black,38,102467,429
2004,Non-Hispanic Black,39,131517,437
2004,Non-Hispanic Black,40,100306,337
2004,Non-Hispanic Black,41,45804,154
2004,Non-Hispanic Black,42,16132,59
2004,Non-Hispanic Black,43,8809,41
2004,Non-Hispanic Black,44,4539,19
2004,Non-Hispanic Black,45,2232,9
2004,Non-Hispanic Black,46,1183,6
2004,Non-Hispanic Black,47,662,6
2004,Non-Hispanic White,17,96,80
2004,Non-Hispanic White,18,171,141
2004,Non-Hispanic White,19,309,260
2004,Non-Hispanic White,20,497,418
2004,Non-Hispanic White,21,653,551
2004,Non-Hispanic White,22,892,736
2004,Non-Hispanic White,23,1186,826
2004,Non-Hispanic White,24,1507,733
2004,Non-Hispanic White,25,1794,545
2004,Non-Hispanic White,26,2166,447
2004,Non-Hispanic White,27,2589,345
2004,Non-Hispanic White,28,3215,273
2004,Non-Hispanic White,29,4143,275
2004,Non-Hispanic White,30,5845,251
2004,Non-Hispanic White,31,8136,235
2004,Non-Hispanic White,32,12170,241
2004,Non-Hispanic White,33,18753,254
2004,Non-Hispanic White,34,32857,338
2004,Non-Hispanic White,35,56761,432
2004,Non-Hispanic White,36,102778,571
2004,Non-Hispanic White,37,202780,781
2004,Non-Hispanic White,38,421905,1062
2004,Non-Hispanic White,39,586848,1136
2004,Non-Hispanic White,40,456277,835
2004,Non-Hispanic White,41,216157,419
2004,Non-Hispanic White,42,68415,184
2004,Non-Hispanic White,43,34757,100
2004,Non-Hispanic White,44,17963,48
2004,Non-Hispanic White,45,9367,22
2004,Non-Hispanic White,46,4960,16
2004,Non-Hispanic White,47,2994,8
2005,Non-Hispanic Black,17,136,115
2005,Non-Hispanic Black,18,193,153
2005,Non-Hispanic Black,19,345,276
2005,Non-Hispanic Black,20,539,442
2005,Non-Hispanic Black,21,707,575
2005,Non-Hispanic Black,22,848,647
2005,Non-Hispanic Black,23,1035,614
2005,Non-Hispanic Black,24,1449,572
2005,Non-Hispanic Black,25,1557,427
2005,Non-Hispanic Black,26,1745,330
2005,Non-Hispanic Black,27,1848,267
2005,Non-Hispanic Black,28,2052,184
2005,Non-Hispanic Black,29,2447,163
2005,Non-Hispanic Black,30,3126,135
2005,Non-Hispanic Black,31,4046,147
2005,Non-Hispanic Black,32,5618,102
2005,Non-Hispanic Black,33,8208,142
2005,Non-Hispanic Black,34,13641,154
2005,Non-Hispanic Black,35,20794,197
2005,Non-Hispanic Black,36,33966,238
2005,Non-Hispanic Black,37,61113,332
2005,Non-Hispanic Black,38,107147,394
2005,Non-Hispanic Black,39,133212,461
2005,Non-Hispanic Black,40,98602,300
2005,Non-Hispanic Black,41,42777,151
2005,Non-Hispanic Black,42,14837,59
2005,Non-Hispanic Black,43,8324,32
2005,Non-Hispanic Black,44,4139,19
2005,Non-Hispanic Black,45,2071,14
2005,Non-Hispanic Black,46,1046,7
2005,Non-Hispanic Black,47,611,2
2005,Non-Hispanic White,17,85,69
2005,Non-Hispanic White,18,202,164
2005,Non-Hispanic White,19,286,244
2005,Non-Hispanic White,20,470,405
2005,Non-Hispanic White,21,652,559
2005,Non-Hispanic White,22,892,767
2005,Non-Hispanic White,23,1188,811
2005,Non-Hispanic White,24,1635,763
2005,Non-Hispanic White,25,1738,527
2005,Non-Hispanic White,26,2209,461
2005,Non-Hispanic White,27,2553,366
2005,Non-Hispanic White,28,3252,319
2005,Non-Hispanic White,29,4032,240
2005,Non-Hispanic White,30,5730,251
2005,Non-Hispanic White,31,8156,270
2005,Non-Hispanic White,32,12133,268
2005,Non-Hispanic White,33,18846,274
2005,Non-Hispanic White,34,33419,360
2005,Non-Hispanic White,35,56753,398
2005,Non-Hispanic White,36,105072,598
2005,Non-Hispanic White,37,208498,778
2005,Non-Hispanic White,38,437837,1106
2005,Non-Hispanic White,39,585650,1168
2005,Non-Hispanic White,40,443189,831
2005,Non-Hispanic White,41,200349,386
2005,Non-Hispanic White,42,64775,167
2005,Non-Hispanic White,43,33052,83
2005,Non-Hispanic White,44,16723,42
2005,Non-Hispanic White,45,8754,22
2005,Non-Hispanic White,46,4433,10
2005,Non-Hispanic White,47,2752,6
2006,Non-Hispanic Black,17,147,113
2006,Non-Hispanic Black,18,208,170
2006,Non-Hispanic Black,19,335,272
2006,Non-Hispanic Black,20,551,437
2006,Non-Hispanic Black,21,697,559
2006,Non-Hispanic Black,22,869,662
2006,Non-Hispanic Black,23,1143,664
2006,Non-Hispanic Black,24,1364,586
2006,Non-Hispanic Black,25,1540,437
2006,Non-Hispanic Black,26,1702,362
2006,Non-Hispanic Black,27,1890,266
2006,Non-Hispanic Black,28,2111,199
2006,Non-Hispanic Black,29,2530,158
2006,Non-Hispanic Black,30,3250,142
2006,Non-Hispanic Black,31,4392,126
2006,Non-Hispanic Black,32,6037,127
2006,Non-Hispanic Black,33,8775,126
2006,Non-Hispanic Black,34,14523,163
2006,Non-Hispanic Black,35,22124,221
2006,Non-Hispanic Black,36,36298,278
2006,Non-Hispanic Black,37,65413,361
2006,Non-Hispanic Black,38,117009,482
2006,Non-Hispanic Black,39,141928,459
2006,Non-Hispanic Black,40,101630,290
2006,Non-Hispanic Black,41,43318,170
2006,Non-Hispanic Black,42,15260,57
2006,Non-Hispanic Black,43,8520,33
2006,Non-Hispanic Black,44,4363,24
2006,Non-Hispanic Black,45,2102,4
2006,Non-Hispanic Black,46,1075,2
2006,Non-Hispanic Black,47,664,5
2006,Non-Hispanic White,17,117,100
2006,Non-Hispanic White,18,161,142
2006,Non-Hispanic White,19,280,238
2006,Non-Hispanic White,20,450,386
2006,Non-Hispanic White,21,654,543
2006,Non-Hispanic White,22,893,738
2006,Non-Hispanic White,23,1153,806
2006,Non-Hispanic White,24,1587,722
2006,Non-Hispanic White,25,1767,526
2006,Non-Hispanic White,26,2204,458
2006,Non-Hispanic White,27,2661,360
2006,Non-Hispanic White,28,3389,299
2006,Non-Hispanic White,29,4138,251
2006,Non-Hispanic White,30,5860,230
2006,Non-Hispanic White,31,8390,258
2006,Non-Hispanic White,32,12096,246
2006,Non-Hispanic White,33,19014,269
2006,Non-Hispanic White,34,33939,345
2006,Non-Hispanic White,35,57956,425
2006,Non-Hispanic White,36,106012,539
2006,Non-Hispanic White,37,213040,792
2006,Non-Hispanic White,38,452559,1047
2006,Non-Hispanic White,39,598464,1193
2006,Non-Hispanic White,40,441492,797
2006,Non-Hispanic White,41,196897,411
2006,Non-Hispanic White,42,64216,145
2006,Non-Hispanic White,43,32781,114
2006,Non-Hispanic White,44,16669,46
2006,Non-Hispanic White,45,8570,20
2006,Non-Hispanic White,46,4651,22
2006,Non-Hispanic White,47,2798,12
2007,Non-Hispanic Black,17,123,105
2007,Non-Hispanic Black,18,202,168
2007,Non-Hispanic Black,19,346,284
2007,Non-Hispanic Black,20,539,458
2007,Non-Hispanic Black,21,709,562
2007,Non-Hispanic Black,22,925,680
2007,Non-Hispanic Black,23,1156,687
2007,Non-Hispanic Black,24,1411,565
2007,Non-Hispanic Black,25,1590,428
2007,Non-Hispanic Black,26,1825,362
2007,Non-Hispanic Black,27,1995,253
2007,Non-Hispanic Black,28,2194,217
2007,Non-Hispanic Black,29,2493,192
2007,Non-Hispanic Black,30,3274,144
2007,Non-Hispanic Black,31,4288,118
2007,Non-Hispanic Black,32,6047,115
2007,Non-Hispanic Black,33,8846,134
2007,Non-Hispanic Black,34,14669,184
2007,Non-Hispanic Black,35,22429,212
2007,Non-Hispanic Black,36,36246,282
2007,Non-Hispanic Black,37,66030,356
2007,Non-Hispanic Black,38,118804,453
2007,Non-Hispanic Black,39,146923,516
2007,Non-Hispanic Black,40,103421,328
2007,Non-Hispanic Black,41,43959,147
2007,Non-Hispanic Black,42,15412,64
2007,Non-Hispanic Black,43,8723,38
2007,Non-Hispanic Black,44,4399,18
2007,Non-Hispanic Black,45,2183,15
2007,Non-Hispanic Black,46,1132,4
2007,Non-Hispanic Black,47,648,1
2007,Non-Hispanic White,17,126,106
2007,Non-Hispanic White,18,167,135
2007,Non-Hispanic White,19,271,238
2007,Non-Hispanic White,20,505,442
2007,Non-Hispanic White,21,695,617
2007,Non-Hispanic White,22,868,720
2007,Non-Hispanic White,23,1113,773
2007,Non-Hispanic White,24,1624,730
2007,Non-Hispanic White,25,1834,512
2007,Non-Hispanic White,26,2222,466
2007,Non-Hispanic White,27,2685,337
2007,Non-Hispanic White,28,3252,291
2007,Non-Hispanic White,29,4030,260
2007,Non-Hispanic White,30,5566,242
2007,Non-Hispanic White,31,8143,252
2007,Non-Hispanic White,32,12172,229
2007,Non-Hispanic White,33,18639,269
2007,Non-Hispanic White,34,33557,383
2007,Non-Hispanic White,35,56960,454
2007,Non-Hispanic White,36,104014,515
2007,Non-Hispanic White,37,209503,764
2007,Non-Hispanic White,38,445767,1143
2007,Non-Hispanic White,39,612452,1234
2007,Non-Hispanic White,40,447057,795
2007,Non-Hispanic White,41,198118,390
2007,Non-Hispanic White,42,64673,160
2007,Non-Hispanic White,43,32110,77
2007,Non-Hispanic White,44,16634,38
2007,Non-Hispanic White,45,8679,22
2007,Non-Hispanic White,46,4606,16
2007,Non-Hispanic White,47,2861,9
2008,Non-Hispanic Black,17,131,112
2008,Non-Hispanic Black,18,220,181
2008,Non-Hispanic Black,19,331,278
2008,Non-Hispanic Black,20,520,423
2008,Non-Hispanic Black,21,670,531
2008,Non-Hispanic Black,22,803,622
2008,Non-Hispanic Black,23,1082,636
2008,Non-Hispanic Black,24,1302,526
2008,Non-Hispanic Black,25,1488,398
2008,Non-Hispanic Black,26,1688,328
2008,Non-Hispanic Black,27,1815,257
2008,Non-Hispanic Black,28,2049,172
2008,Non-Hispanic Black,29,2341,145
2008,Non-Hispanic Black,30,3050,140
2008,Non-Hispanic Black,31,4073,134
2008,Non-Hispanic Black,32,5912,112
2008,Non-Hispanic Black,33,8717,161
2008,Non-Hispanic Black,34,14017,159
2008,Non-Hispanic Black,35,21121,201
2008,Non-Hispanic Black,36,34757,241
2008,Non-Hispanic Black,37,64825,306
2008,Non-Hispanic Black,38,116521,462
2008,Non-Hispanic Black,39,150078,505
2008,Non-Hispanic Black,40,104455,331
2008,Non-Hispanic Black,41,44219,152
2008,Non-Hispanic Black,42,15544,57
2008,Non-Hispanic Black,43,8547,44
2008,Non-Hispanic Black,44,4582,28
2008,Non-Hispanic Black,45,2258,10
2008,Non-Hispanic Black,46,1220,6
2008,Non-Hispanic Black,47,704,2
2008,Non-Hispanic White,17,103,86
2008,Non-Hispanic White,18,149,129
2008,Non-Hispanic White,19,302,274
2008,Non-Hispanic White,20,462,424
2008,Non-Hispanic White,21,643,560
2008,Non-Hispanic White,22,824,668
2008,Non-Hispanic White,23,1089,724
2008,Non-Hispanic White,24,1597,704
2008,Non-Hispanic White,25,1577,457
2008,Non-Hispanic White,26,2045,407
2008,Non-Hispanic White,27,2609,306
2008,Non-Hispanic White,28,3074,274
2008,Non-Hispanic White,29,3978,230
2008,Non-Hispanic White,30,5555,216
2008,Non-Hispanic White,31,7764,217
2008,Non-Hispanic White,32,11774,265
2008,Non-Hispanic White,33,18059,290
2008,Non-Hispanic White,34,31639,355
2008,Non-Hispanic White,35,53749,463
2008,Non-Hispanic White,36,98736,541
2008,Non-Hispanic White,37,198710,764
2008,Non-Hispanic White,38,419646,1084
2008,Non-Hispanic White,39,621461,1229
2008,Non-Hispanic White,40,444159,791
2008,Non-Hispanic White,41,199824,376
2008,Non-Hispanic White,42,64121,143
2008,Non-Hispanic White,43,32274,79
2008,Non-Hispanic White,44,17066,46
2008,Non-Hispanic White,45,8685,27
2008,Non-Hispanic White,46,4479,18
2008,Non-Hispanic White,47,2797,9
2009,Non-Hispanic Black,17,138,121
2009,Non-Hispanic Black,18,211,163
2009,Non-Hispanic Black,19,285,232
2009,Non-Hispanic Black,20,555,463
2009,Non-Hispanic Black,21,634,506
2009,Non-Hispanic Black,22,853,642
2009,Non-Hispanic Black,23,1034,555
2009,Non-Hispanic Black,24,1390,527
2009,Non-Hispanic Black,25,1454,345
2009,Non-Hispanic Black,26,1606,284
2009,Non-Hispanic Black,27,1800,222
2009,Non-Hispanic Black,28,1964,183
2009,Non-Hispanic Black,29,2341,155
2009,Non-Hispanic Black,30,3026,126
2009,Non-Hispanic Black,31,4025,130
2009,Non-Hispanic Black,32,5813,119
2009,Non-Hispanic Black,33,8079,118
2009,Non-Hispanic Black,34,13560,154
2009,Non-Hispanic Black,35,20559,181
2009,Non-Hispanic Black,36,34147,262
2009,Non-Hispanic Black,37,64134,345
2009,Non-Hispanic Black,38,113618,418
2009,Non-Hispanic Black,39,152027,492
2009,Non-Hispanic Black,40,100662,309
2009,Non-Hispanic Black,41,41530,130
2009,Non-Hispanic Black,42,14255,56
2009,Non-Hispanic Black,43,8166,38
2009,Non-Hispanic Black,44,4256,30
2009,Non-Hispanic Black,45,2039,8
2009,Non-Hispanic Black,46,1093,2
2009,Non-Hispanic Black,47,706,6
2009,Non-Hispanic White,17,86,73
2009,Non-Hispanic White,18,161,136
2009,Non-Hispanic White,19,304,273
2009,Non-Hispanic White,20,399,341
2009,Non-Hispanic White,21,621,538
2009,Non-Hispanic White,22,801,667
2009,Non-Hispanic White,23,1057,691
2009,Non-Hispanic White,24,1415,580
2009,Non-Hispanic White,25,1689,493
2009,Non-Hispanic White,26,2082,351
2009,Non-Hispanic White,27,2450,294
2009,Non-Hispanic White,28,3086,283
2009,Non-Hispanic White,29,3828,220
2009,Non-Hispanic White,30,5245,209
2009,Non-Hispanic White,31,7433,225
2009,Non-Hispanic White,32,11076,234
2009,Non-Hispanic White,33,17235,218
2009,Non-Hispanic White,34,30434,318
2009,Non-Hispanic White,35,50910,393
2009,Non-Hispanic White,36,94893,498
2009,Non-Hispanic White,37,190758,747
2009,Non-Hispanic White,38,400120,1068
2009,Non-Hispanic White,39,626479,1226
2009,Non-Hispanic White,40,434980,734
2009,Non-Hispanic White,41,191321,333
2009,Non-Hispanic White,42,61733,155
2009,Non-Hispanic White,43,31527,78
2009,Non-Hispanic White,44,16429,35
2009,Non-Hispanic White,45,8421,26
2009,Non-Hispanic White,46,4526,8
2009,Non-Hispanic White,47,2792,9
2010,Non-Hispanic Black,17,123,96
2010,Non-Hispanic Black,18,201,159
2010,Non-Hispanic Black,19,296,220
2010,Non-Hispanic Black,20,469,360
2010,Non-Hispanic Black,21,506,411
2010,Non-Hispanic Black,22,786,591
2010,Non-Hispanic Black,23,962,526
2010,Non-Hispanic Black,24,1274,476
2010,Non-Hispanic Black,25,1387,323
2010,Non-Hispanic Black,26,1598,264
2010,Non-Hispanic Black,27,1698,190
2010,Non-Hispanic Black,28,1969,162
2010,Non-Hispanic Black,29,2190,137
2010,Non-Hispanic Black,30,2925,112
2010,Non-Hispanic Black,31,3770,121
2010,Non-Hispanic Black,32,5462,105
2010,Non-Hispanic Black,33,7879,94
2010,Non-Hispanic Black,34,12887,140
2010,Non-Hispanic Black,35,19440,182
2010,Non-Hispanic Black,36,32243,223
2010,Non-Hispanic Black,37,61354,277
2010,Non-Hispanic Black,38,108426,417
2010,Non-Hispanic Black,39,152262,485
2010,Non-Hispanic Black,40,96896,279
2010,Non-Hispanic Black,41,40166,111
2010,Non-Hispanic Black,42,13622,46
2010,Non-Hispanic Black,43,7664,38
2010,Non-Hispanic Black,44,3972,14
2010,Non-Hispanic Black,45,2039,4
2010,Non-Hispanic Black,46,1119,6
2010,Non-Hispanic Black,47,677,1
2010,Non-Hispanic White,17,94,74
2010,Non-Hispanic White,18,169,133
2010,Non-Hispanic White,19,242,212
2010,Non-Hispanic White,20,421,370
2010,Non-Hispanic White,21,574,496
2010,Non-Hispanic White,22,763,622
2010,Non-Hispanic White,23,1063,695
2010,Non-Hispanic White,24,1381,605
2010,Non-Hispanic White,25,1720,436
2010,Non-Hispanic White,26,2050,371
2010,Non-Hispanic White,27,2485,303
2010,Non-Hispanic White,28,2940,241
2010,Non-Hispanic White,29,3753,183
2010,Non-Hispanic White,30,5143,193
2010,Non-Hispanic White,31,7186,202
2010,Non-Hispanic White,32,11098,235
2010,Non-Hispanic White,33,16767,252
2010,Non-Hispanic White,34,29826,302
2010,Non-Hispanic White,35,48691,326
2010,Non-Hispanic White,36,90332,531
2010,Non-Hispanic White,37,182881,693
2010,Non-Hispanic White,38,374048,954
2010,Non-Hispanic White,39,631392,1139
2010,Non-Hispanic White,40,428294,690
2010,Non-Hispanic White,41,189478,341
2010,Non-Hispanic White,42,60802,157
2010,Non-Hispanic White,43,30022,90
2010,Non-Hispanic White,44,15921,32
2010,Non-Hispanic White,45,8382,23
2010,Non-Hispanic White,46,4357,12
2010,Non-Hispanic White,47,2655,7
2011,Non-Hispanic Black,17,133,107
2011,Non-Hispanic Black,18,188,133
2011,Non-Hispanic Black,19,325,265
2011,Non-Hispanic Black,20,455,365
2011,Non-Hispanic Black,21,611,490
2011,Non-Hispanic Black,22,780,568
2011,Non-Hispanic Black,23,898,473
2011,Non-Hispanic Black,24,1234,442
2011,Non-Hispanic Black,25,1396,324
2011,Non-Hispanic Black,26,1541,246
2011,Non-Hispanic Black,27,1715,173
2011,Non-Hispanic Black,28,1866,149
2011,Non-Hispanic Black,29,2098,124
2011,Non-Hispanic Black,30,2796,98
2011,Non-Hispanic Black,31,3734,113
2011,Non-Hispanic Black,32,5087,104
2011,Non-Hispanic Black,33,7775,124
2011,Non-Hispanic Black,34,12576,141
2011,Non-Hispanic Black,35,18641,168
2011,Non-Hispanic Black,36,31058,194
2011,Non-Hispanic Black,37,59421,302
2011,Non-Hispanic Black,38,103596,405
2011,Non-Hispanic Black,39,154720,461
2011,Non-Hispanic Black,40,97113,261
2011,Non-Hispanic Black,41,39588,135
2011,Non-Hispanic Black,42,13610,45
2011,Non-Hispanic Black,43,7813,26
2011,Non-Hispanic Black,44,4258,26
2011,Non-Hispanic Black,45,2171,6
2011,Non-Hispanic Black,46,1119,7
2011,Non-Hispanic Black,47,709,1
2011,Non-Hispanic White,17,98,77
2011,Non-Hispanic White,18,178,157
2011,Non-Hispanic White,19,252,217
2011,Non-Hispanic White,20,413,355
2011,Non-Hispanic White,21,570,489
2011,Non-Hispanic White,22,754,602
2011,Non-Hispanic White,23,1026,656
2011,Non-Hispanic White,24,1345,542
2011,Non-Hispanic White,25,1580,417
2011,Non-Hispanic White,26,1882,319
2011,Non-Hispanic White,27,2356,280
2011,Non-Hispanic White,28,2929,254
2011,Non-Hispanic White,29,3644,222
2011,Non-Hispanic White,30,5052,215
2011,Non-Hispanic White,31,6991,193
2011,Non-Hispanic White,32,10890,215
2011,Non-Hispanic White,33,16401,222
2011,Non-Hispanic White,34,29242,340
2011,Non-Hispanic White,35,47482,312
2011,Non-Hispanic White,36,86087,486
2011,Non-Hispanic White,37,175237,643
2011,Non-Hispanic White,38,353285,831
2011,Non-Hispanic White,39,644265,1215
2011,Non-Hispanic White,40,431810,695
2011,Non-Hispanic White,41,191983,352
2011,Non-Hispanic White,42,60920,135
2011,Non-Hispanic White,43,30619,66
2011,Non-Hispanic White,44,15911,47
2011,Non-Hispanic White,45,8062,15
2011,Non-Hispanic White,46,4561,17
2011,Non-Hispanic White,47,2789,7
2012,Non-Hispanic Black,17,141,122
2012,Non-Hispanic Black,18,191,164
2012,Non-Hispanic Black,19,302,230
2012,Non-Hispanic Black,20,449,352
2012,Non-Hispanic Black,21,610,464
2012,Non-Hispanic Black,22,717,527
2012,Non-Hispanic Black,23,1000,514
2012,Non-Hispanic Black,24,1236,396
2012,Non-Hispanic Black,25,1382,297
2012,Non-Hispanic Black,26,1513,243
2012,Non-Hispanic Black,27,1599,177
2012,Non-Hispanic Black,28,1851,138
2012,Non-Hispanic Black,29,2047,123
2012,Non-Hispanic Black,30,2838,89
2012,Non-Hispanic Black,31,3598,108
2012,Non-Hispanic Black,32,5196,106
2012,Non-Hispanic Black,33,7344,104
2012,Non-Hispanic Black,34,12291,128
2012,Non-Hispanic Black,35,18455,136
2012,Non-Hispanic Black,36,30752,204
2012,Non-Hispanic Black,37,58740,298
2012,Non-Hispanic Black,38,100263,420
2012,Non-Hispanic Black,39,158553,469
2012,Non-Hispanic Black,40,98082,286
2012,Non-Hispanic Black,41,40794,124
2012,Non-Hispanic Black,42,13671,41
2012,Non-Hispanic Black,43,7944,38
2012,Non-Hispanic Black,44,4375,23
2012,Non-Hispanic Black,45,2120,5
2012,Non-Hispanic Black,46,1153,4
2012,Non-Hispanic Black,47,771,2
2012,Non-Hispanic White,17,91,83
2012,Non-Hispanic White,18,166,141
2012,Non-Hispanic White,19,279,254
2012,Non-Hispanic White,20,392,338
2012,Non-Hispanic White,21,584,511
2012,Non-Hispanic White,22,766,642
2012,Non-Hispanic White,23,1018,622
2012,Non-Hispanic White,24,1362,554
2012,Non-Hispanic White,25,1578,405
2012,Non-Hispanic White,26,1992,338
2012,Non-Hispanic White,27,2367,263
2012,Non-Hispanic White,28,2859,208
2012,Non-Hispanic White,29,3566,190
2012,Non-Hispanic White,30,4969,212
2012,Non-Hispanic White,31,6876,210
2012,Non-Hispanic White,32,10491,226
2012,Non-Hispanic White,33,15934,223
2012,Non-Hispanic White,34,28617,307
2012,Non-Hispanic White,35,46089,348
2012,Non-Hispanic White,36,83325,470
2012,Non-Hispanic White,37,170459,638
2012,Non-Hispanic White,38,332619,828
2012,Non-Hispanic White,39,653419,1172
2012,Non-Hispanic White,40,435222,692
2012,Non-Hispanic White,41,197882,337
2012,Non-Hispanic White,42,61788,152
2012,Non-Hispanic White,43,30183,66
2012,Non-Hispanic White,44,16263,46
2012,Non-Hispanic White,45,8310,19
2012,Non-Hispanic White,46,4507,13
2012,Non-Hispanic White,47,2715,9
2013,Non-Hispanic Black,17,137,115
2013,Non-Hispanic Black,18,217,182
2013,Non-Hispanic Black,19,306,261
2013,Non-Hispanic Black,20,447,374
2013,Non-Hispanic Black,21,539,452
2013,Non-Hispanic Black,22,757,551
2013,Non-Hispanic Black,23,979,489
2013,Non-Hispanic Black,24,1214,386
2013,Non-Hispanic Black,25,1316,280
2013,Non-Hispanic Black,26,1515,230
2013,Non-Hispanic Black,27,1637,188
2013,Non-Hispanic Black,28,1797,126
2013,Non-Hispanic Black,29,2165,114
2013,Non-Hispanic Black,30,2824,103
2013,Non-Hispanic Black,31,3730,110
2013,Non-Hispanic Black,32,4935,89
2013,Non-Hispanic Black,33,7427,100
2013,Non-Hispanic Black,34,12303,124
2013,Non-Hispanic Black,35,17791,177
2013,Non-Hispanic Black,36,30189,197
2013,Non-Hispanic Black,37,58764,300
2013,Non-Hispanic Black,38,100846,361
2013,Non-Hispanic Black,39,162265,493
2013,Non-Hispanic Black,40,97695,303
2013,Non-Hispanic Black,41,39416,108
2013,Non-Hispanic Black,42,13388,44
2013,Non-Hispanic Black,43,7759,29
2013,Non-Hispanic Black,44,4261,14
2013,Non-Hispanic Black,45,2189,10
2013,Non-Hispanic Black,46,1197,5
2013,Non-Hispanic Black,47,772,2
2013,Non-Hispanic White,17,121,101
2013,Non-Hispanic White,18,145,122
2013,Non-Hispanic White,19,235,211
2013,Non-Hispanic White,20,392,349
2013,Non-Hispanic White,21,596,533
2013,Non-Hispanic White,22,713,602
2013,Non-Hispanic White,23,1019,641
2013,Non-Hispanic White,24,1376,540
2013,Non-Hispanic White,25,1620,450
2013,Non-Hispanic White,26,1783,297
2013,Non-Hispanic White,27,2311,265
2013,Non-Hispanic White,28,2776,189
2013,Non-Hispanic White,29,3561,177
2013,Non-Hispanic White,30,4971,200
2013,Non-Hispanic White,31,6963,198
2013,Non-Hispanic White,32,10542,196
2013,Non-Hispanic White,33,16159,259
2013,Non-Hispanic White,34,28053,317
2013,Non-Hispanic White,35,44995,342
2013,Non-Hispanic White,36,81811,461
2013,Non-Hispanic White,37,169680,678
2013,Non-Hispanic White,38,323946,845
2013,Non-Hispanic White,39,659309,1195
2013,Non-Hispanic White,40,437314,707
2013,Non-Hispanic White,41,198013,332
2013,Non-Hispanic White,42,61302,115
2013,Non-Hispanic White,43,30381,78
2013,Non-Hispanic White,44,15889,32
2013,Non-Hispanic White,45,8357,22
2013,Non-Hispanic White,46,4633,18
2013,Non-Hispanic White,47,2870,11
2014,Non-Hispanic Black,17,109,91
2014,Non-Hispanic Black,18,205,168
2014,Non-Hispanic Black,19,315,261
2014,Non-Hispanic Black,20,436,364
2014,Non-Hispanic Black,21,561,444
2014,Non-Hispanic Black,22,672,481
2014,Non-Hispanic Black,23,882,460
2014,Non-Hispanic Black,24,1121,415
2014,Non-Hispanic Black,25,1225,290
2014,Non-Hispanic Black,26,1348,207
2014,Non-Hispanic Black,27,1521,164
2014,Non-Hispanic Black,28,1730,129
2014,Non-Hispanic Black,29,2091,116
2014,Non-Hispanic Black,30,2627,94
2014,Non-Hispanic Black,31,3452,99
2014,Non-Hispanic Black,32,4683,100
2014,Non-Hispanic Black,33,7007,95
2014,Non-Hispanic Black,34,11712,131
2014,Non-Hispanic Black,35,17012,168
2014,Non-Hispanic Black,36,28946,185
2014,Non-Hispanic Black,37,56350,275
2014,Non-Hispanic Black,38,93303,317
2014,Non-Hispanic Black,39,151256,448
2014,Non-Hispanic Black,40,90186,252
2014,Non-Hispanic Black,41,36896,116
2014,Non-Hispanic Black,42,12833,54
2014,Non-Hispanic Black,43,7549,25
2014,Non-Hispanic Black,44,4131,12
2014,Non-Hispanic Black,45,2186,8
2014,Non-Hispanic Black,46,1147,5
2014,Non-Hispanic Black,47,822,3
2014,Non-Hispanic White,17,120,98
2014,Non-Hispanic White,18,125,102
2014,Non-Hispanic White,19,257,222
2014,Non-Hispanic White,20,400,352
2014,Non-Hispanic White,21,559,477
2014,Non-Hispanic White,22,723,590
2014,Non-Hispanic White,23,1030,616
2014,Non-Hispanic White,24,1201,480
2014,Non-Hispanic White,25,1552,379
2014,Non-Hispanic White,26,1792,331
2014,Non-Hispanic White,27,2169,239
2014,Non-Hispanic White,28,2671,224
2014,Non-Hispanic White,29,3362,173
2014,Non-Hispanic White,30,4581,182
2014,Non-Hispanic White,31,6567,177
2014,Non-Hispanic White,32,10109,187
2014,Non-Hispanic White,33,15273,232
2014,Non-Hispanic White,34,27781,298
2014,Non-Hispanic White,35,43072,373
2014,Non-Hispanic White,36,78709,427
2014,Non-Hispanic White,37,166661,648
2014,Non-Hispanic White,38,306448,778
2014,Non-Hispanic White,39,633023,1124
2014,Non-Hispanic White,40,422476,638
2014,Non-Hispanic White,41,193329,306
2014,Non-Hispanic White,42,58832,131
2014,Non-Hispanic White,43,28832,78
2014,Non-Hispanic White,44,15436,44
2014,Non-Hispanic White,45,8244,26
2014,Non-Hispanic White,46,4520,10
2014,Non-Hispanic White,47,2887,11
2015,Non-Hispanic Black,17,106,86
2015,Non-Hispanic Black,18,179,160
2015,Non-Hispanic Black,19,240,190
2015,Non-Hispanic Black,20,433,362
2015,Non-Hispanic Black,21,584,465
2015,Non-Hispanic Black,22,701,521
2015,Non-Hispanic Black,23,972,502
2015,Non-Hispanic Black,24,1154,361
2015,Non-Hispanic Black,25,1251,275
2015,Non-Hispanic Black,26,1407,193
2015,Non-Hispanic Black,27,1599,161
2015,Non-Hispanic Black,28,1763,150
2015,Non-Hispanic Black,29,2038,133
2015,Non-Hispanic Black,30,2657,102
2015,Non-Hispanic Black,31,3424,110
2015,Non-Hispanic Black,32,5023,94
2015,Non-Hispanic Black,33,7250,135
2015,Non-Hispanic Black,34,11752,135
2015,Non-Hispanic Black,35,16966,155
2015,Non-Hispanic Black,36,29164,202
2015,Non-Hispanic Black,37,57807,317
2015,Non-Hispanic Black,38,95805,365
2015,Non-Hispanic Black,39,153462,485
2015,Non-Hispanic Black,40,92139,288
2015,Non-Hispanic Black,41,36968,109
2015,Non-Hispanic Black,42,12554,36
2015,Non-Hispanic Black,43,7240,29
2015,Non-Hispanic Black,44,3979,19
2015,Non-Hispanic Black,45,2135,7
2015,Non-Hispanic Black,46,1203,6
2015,Non-Hispanic Black,47,818,0
2015,Non-Hispanic White,17,104,96
2015,Non-Hispanic White,18,138,127
2015,Non-Hispanic White,19,229,210
2015,Non-Hispanic White,20,356,321
2015,Non-Hispanic White,21,489,436
2015,Non-Hispanic White,22,660,549
2015,Non-Hispanic White,23,948,568
2015,Non-Hispanic White,24,1170,450
2015,Non-Hispanic White,25,1538,381
2015,Non-Hispanic White,26,1878,326
2015,Non-Hispanic White,27,2044,226
2015,Non-Hispanic White,28,2689,247
2015,Non-Hispanic White,29,3426,175
2015,Non-Hispanic White,30,4599,169
2015,Non-Hispanic White,31,6702,201
2015,Non-Hispanic White,32,10042,197
2015,Non-Hispanic White,33,15406,221
2015,Non-Hispanic White,34,27257,281
2015,Non-Hispanic White,35,42770,341
2015,Non-Hispanic White,36,78976,467
2015,Non-Hispanic White,37,169369,663
2015,Non-Hispanic White,38,307025,801
2015,Non-Hispanic White,39,636788,1153
2015,Non-Hispanic White,40,427255,660
2015,Non-Hispanic White,41,194946,330
2015,Non-Hispanic White,42,57448,135
2015,Non-Hispanic White,43,28108,88
2015,Non-Hispanic White,44,14963,44
2015,Non-Hispanic White,45,7896,18
2015,Non-Hispanic White,46,4372,11
2015,Non-Hispanic White,47,2904,8
2016,Non-Hispanic Black,17,137,119
2016,Non-Hispanic Black,18,182,160
2016,Non-Hispanic Black,19,232,202
2016,Non-Hispanic Black,20,424,356
2016,Non-Hispanic Black,21,501,428
2016,Non-Hispanic Black,22,718,532
2016,Non-Hispanic Black,23,969,518
2016,Non-Hispanic Black,24,1189,376
2016,Non-Hispanic Black,25,1208,264
2016,Non-Hispanic Black,26,1451,224
2016,Non-Hispanic Black,27,1583,157
2016,Non-Hispanic Black,28,1742,121
2016,Non-Hispanic Black,29,2111,99
2016,Non-Hispanic Black,30,2668,89
2016,Non-Hispanic Black,31,3492,95
2016,Non-Hispanic Black,32,5141,105
2016,Non-Hispanic Black,33,7179,95
2016,Non-Hispanic Black,34,12123,154
2016,Non-Hispanic Black,35,17386,161
2016,Non-Hispanic Black,36,29872,221
2016,Non-Hispanic Black,37,59493,322
2016,Non-Hispanic Black,38,96187,374
2016,Non-Hispanic Black,39,153697,499
2016,Non-Hispanic Black,40,91392,263
2016,Non-Hispanic Black,41,36942,119
2016,Non-Hispanic Black,42,12411,58
2016,Non-Hispanic Black,43,7053,19
2016,Non-Hispanic Black,44,3938,15
2016,Non-Hispanic Black,45,2121,15
2016,Non-Hispanic Black,46,1210,7
2016,Non-Hispanic Black,47,805,8
2016,Non-Hispanic White,17,75,68
2016,Non-Hispanic White,18,128,120
2016,Non-Hispanic White,19,216,203
2016,Non-Hispanic White,20,366,328
2016,Non-Hispanic White,21,481,430
2016,Non-Hispanic White,22,618,511
2016,Non-Hispanic White,23,990,581
2016,Non-Hispanic White,24,1188,491
2016,Non-Hispanic White,25,1492,372
2016,Non-Hispanic White,26,1688,292
2016,Non-Hispanic White,27,2157,235
2016,Non-Hispanic White,28,2713,193
2016,Non-Hispanic White,29,3331,189
2016,Non-Hispanic White,30,4499,163
2016,Non-Hispanic White,31,6517,187
2016,Non-Hispanic White,32,9808,228
2016,Non-Hispanic White,33,15401,226
2016,Non-Hispanic White,34,27689,328
2016,Non-Hispanic White,35,42982,361
2016,Non-Hispanic White,36,79611,461
2016,Non-Hispanic White,37,172227,630
2016,Non-Hispanic White,38,304916,780
2016,Non-Hispanic White,39,635774,1143
2016,Non-Hispanic White,40,425977,678
2016,Non-Hispanic White,41,194580,303
2016,Non-Hispanic White,42,56323,119
2016,Non-Hispanic White,43,26960,61
2016,Non-Hispanic White,44,14123,32
2016,Non-Hispanic White,45,7714,20
2016,Non-Hispanic White,46,4439,15
2016,Non-Hispanic White,47,3127,10
2017,Non-Hispanic Black,17,123,115
2017,Non-Hispanic Black,18,161,139
2017,Non-Hispanic Black,19,277,243
2017,Non-Hispanic Black,20,410,352
2017,Non-Hispanic Black,21,553,445
2017,Non-Hispanic Black,22,632,462
2017,Non-Hispanic Black,23,953,425
2017,Non-Hispanic Black,24,1091,346
2017,Non-Hispanic Black,25,1253,257
2017,Non-Hispanic Black,26,1431,189
2017,Non-Hispanic Black,27,1620,172
2017,Non-Hispanic Black,28,1815,140
2017,Non-Hispanic Black,29,2100,113
2017,Non-Hispanic Black,30,2752,110
2017,Non-Hispanic Black,31,3590,95
2017,Non-Hispanic Black,32,5112,100
2017,Non-Hispanic Black,33,7449,99
2017,Non-Hispanic Black,34,12590,137
2017,Non-Hispanic Black,35,18203,150
2017,Non-Hispanic Black,36,30852,216
2017,Non-Hispanic Black,37,62384,347
2017,Non-Hispanic Black,38,96576,379
2017,Non-Hispanic Black,39,153287,486
2017,Non-Hispanic Black,40,89646,261
2017,Non-Hispanic Black,41,36031,117
2017,Non-Hispanic Black,42,12239,38
2017,Non-Hispanic Black,43,6958,36
2017,Non-Hispanic Black,44,3740,17
2017,Non-Hispanic Black,45,2018,7
2017,Non-Hispanic Black,46,1247,8
2017,Non-Hispanic Black,47,856,5
2017,Non-Hispanic White,17,81,77
2017,Non-Hispanic White,18,135,127
2017,Non-Hispanic White,19,247,230
2017,Non-Hispanic White,20,323,278
2017,Non-Hispanic White,21,438,384
2017,Non-Hispanic White,22,622,488
2017,Non-Hispanic White,23,886,514
2017,Non-Hispanic White,24,1128,415
2017,Non-Hispanic White,25,1377,377
2017,Non-Hispanic White,26,1629,263
2017,Non-Hispanic White,27,2080,230
2017,Non-Hispanic White,28,2550,177
2017,Non-Hispanic White,29,3121,151
2017,Non-Hispanic White,30,4610,167
2017,Non-Hispanic White,31,6306,190
2017,Non-Hispanic White,32,9638,189
2017,Non-Hispanic White,33,14749,204
2017,Non-Hispanic White,34,27411,321
2017,Non-Hispanic White,35,41861,333
2017,Non-Hispanic White,36,79146,437
2017,Non-Hispanic White,37,173372,630
2017,Non-Hispanic White,38,300103,731
2017,Non-Hispanic White,39,617127,1082
2017,Non-Hispanic White,40,406781,571
2017,Non-Hispanic White,41,182772,297
2017,Non-Hispanic White,42,53031,124
2017,Non-Hispanic White,43,25578,68
2017,Non-Hispanic White,44,13716,39
2017,Non-Hispanic White,45,7339,16
2017,Non-Hispanic White,46,4275,14
2017,Non-Hispanic White,47,2862,4
2018,Non-Hispanic Black,17,87,81
2018,Non-Hispanic Black,18,181,165
2018,Non-Hispanic Black,19,257,221
2018,Non-Hispanic Black,20,371,324
2018,Non-Hispanic Black,21,487,396
2018,Non-Hispanic Black,22,636,461
2018,Non-Hispanic Black,23,909,442
2018,Non-Hispanic Black,24,1081,313
2018,Non-Hispanic Black,25,1300,285
2018,Non-Hispanic Black,26,1404,174
2018,Non-Hispanic Black,27,1535,136
2018,Non-Hispanic Black,28,1813,120
2018,Non-Hispanic Black,29,2075,118
2018,Non-Hispanic Black,30,2652,94
2018,Non-Hispanic Black,31,3499,112
2018,Non-Hispanic Black,32,5245,110
2018,Non-Hispanic Black,33,7382,109
2018,Non-Hispanic Black,34,12903,141
2018,Non-Hispanic Black,35,18050,178
2018,Non-Hispanic Black,36,30477,214
2018,Non-Hispanic Black,37,62639,299
2018,Non-Hispanic Black,38,96676,361
2018,Non-Hispanic Black,39,151361,463
2018,Non-Hispanic Black,40,87017,267
2018,Non-Hispanic Black,41,33751,110
2018,Non-Hispanic Black,42,11606,39
2018,Non-Hispanic Black,43,6573,37
2018,Non-Hispanic Black,44,3615,11
2018,Non-Hispanic Black,45,1886,5
2018,Non-Hispanic Black,46,1146,5
2018,Non-Hispanic Black,47,765,4
2018,Non-Hispanic White,17,99,92
2018,Non-Hispanic White,18,131,126
2018,Non-Hispanic White,19,190,174
2018,Non-Hispanic White,20,337,302
2018,Non-Hispanic White,21,413,368
2018,Non-Hispanic White,22,583,464
2018,Non-Hispanic White,23,786,458
2018,Non-Hispanic White,24,1085,442
2018,Non-Hispanic White,25,1270,307
2018,Non-Hispanic White,26,1570,290
2018,Non-Hispanic White,27,1910,225
2018,Non-Hispanic White,28,2491,175
2018,Non-Hispanic White,29,3115,168
2018,Non-Hispanic White,30,4203,185
2018,Non-Hispanic White,31,6032,169
2018,Non-Hispanic White,32,9565,195
2018,Non-Hispanic White,33,14779,213
2018,Non-Hispanic White,34,27152,284
2018,Non-Hispanic White,35,41505,331
2018,Non-Hispanic White,36,78622,449
2018,Non-Hispanic White,37,175653,636
2018,Non-Hispanic White,38,296678,720
2018,Non-Hispanic White,39,613668,1026
2018,Non-Hispanic White,40,393566,566
2018,Non-Hispanic White,41,171941,239
2018,Non-Hispanic White,42,50181,127
2018,Non-Hispanic White,43,24603,45
2018,Non-Hispanic White,44,13515,36
2018,Non-Hispanic White,45,6906,23
2018,Non-Hispanic White,46,4228,12
2018,Non-Hispanic White,47,2817,8
2019,Non-Hispanic Black,17,115,104
2019,Non-Hispanic Black,18,174,152
2019,Non-Hispanic Black,19,273,238
2019,Non-Hispanic Black,20,399,345
2019,Non-Hispanic Black,21,452,373
2019,Non-Hispanic Black,22,610,450
2019,Non-Hispanic Black,23,912,400
2019,Non-Hispanic Black,24,1115,304
2019,Non-Hispanic Black,25,1260,234
2019,Non-Hispanic Black,26,1348,173
2019,Non-Hispanic Black,27,1598,160
2019,Non-Hispanic Black,28,1769,111
2019,Non-Hispanic Black,29,2158,124
2019,Non-Hispanic Black,30,2708,94
2019,Non-Hispanic Black,31,3537,84
2019,Non-Hispanic Black,32,5216,96
2019,Non-Hispanic Black,33,7558,113
2019,Non-Hispanic Black,34,12824,152
2019,Non-Hispanic Black,35,18172,157
2019,Non-Hispanic Black,36,31531,233
2019,Non-Hispanic Black,37,64162,322
2019,Non-Hispanic Black,38,96762,364
2019,Non-Hispanic Black,39,150990,468
2019,Non-Hispanic Black,40,83379,237
2019,Non-Hispanic Black,41,31430,96
2019,Non-Hispanic Black,42,11166,39
2019,Non-Hispanic Black,43,6475,25
2019,Non-Hispanic Black,44,3487,18
2019,Non-Hispanic Black,45,1833,6
2019,Non-Hispanic Black,46,1142,9
2019,Non-Hispanic Black,47,747,4
2019,Non-Hispanic White,17,81,79
2019,Non-Hispanic White,18,130,120
2019,Non-Hispanic White,19,180,161
2019,Non-Hispanic White,20,321,285
2019,Non-Hispanic White,21,378,333
2019,Non-Hispanic White,22,568,431
2019,Non-Hispanic White,23,828,464
2019,Non-Hispanic White,24,1048,430
2019,Non-Hispanic White,25,1318,336
2019,Non-Hispanic White,26,1543,248
2019,Non-Hispanic White,27,1890,201
2019,Non-Hispanic White,28,2400,167
2019,Non-Hispanic White,29,3023,171
2019,Non-Hispanic White,30,4259,155
2019,Non-Hispanic White,31,6006,183
2019,Non-Hispanic White,32,9307,169
2019,Non-Hispanic White,33,14649,194
2019,Non-Hispanic White,34,26953,289
2019,Non-Hispanic White,35,41563,304
2019,Non-Hispanic White,36,80448,428
2019,Non-Hispanic White,37,181326,633
2019,Non-Hispanic White,38,295488,710
2019,Non-Hispanic White,39,609689,919
2019,Non-Hispanic White,40,371421,506
2019,Non-Hispanic White,41,156319,261
2019,Non-Hispanic White,42,48091,97
2019,Non-Hispanic White,43,23445,62
2019,Non-Hispanic White,44,12585,27
2019,Non-Hispanic White,45,6731,18
2019,Non-Hispanic White,46,4071,9
2019,Non-Hispanic White,47,2776,4
2020,Non-Hispanic Black,17,101,86
2020,Non-Hispanic Black,18,222,186
2020,Non-Hispanic Black,19,249,209
2020,Non-Hispanic Black,20,366,307
2020,Non-Hispanic Black,21,441,370
2020,Non-Hispanic Black,22,580,367
2020,Non-Hispanic Black,23,857,347
2020,Non-Hispanic Black,24,1037,270
2020,Non-Hispanic Black,25,1160,239
2020,Non-Hispanic Black,26,1279,175
2020,Non-Hispanic Black,27,1375,125
2020,Non-Hispanic Black,28,1613,109
2020,Non-Hispanic Black,29,1911,102
2020,Non-Hispanic Black,30,2574,83
2020,Non-Hispanic Black,31,3251,94
2020,Non-Hispanic Black,32,5006,97
2020,Non-Hispanic Black,33,7232,102
2020,Non-Hispanic Black,34,12356,135
2020,Non-Hispanic Black,35,17497,156
2020,Non-Hispanic Black,36,30501,210
2020,Non-Hispanic Black,37,64392,369
2020,Non-Hispanic Black,38,93539,354
2020,Non-Hispanic Black,39,147258,474
2020,Non-Hispanic Black,40,78698,225
2020,Non-Hispanic Black,41,29569,91
2020,Non-Hispanic Black,42,10797,47
2020,Non-Hispanic Black,43,6368,24
2020,Non-Hispanic Black,44,3299,16
2020,Non-Hispanic Black,45,1701,6
2020,Non-Hispanic Black,46,1044,9
2020,Non-Hispanic Black,47,763,3
2020,Non-Hispanic White,17,80,71
2020,Non-Hispanic White,18,91,79
2020,Non-Hispanic White,19,192,171
2020,Non-Hispanic White,20,278,239
2020,Non-Hispanic White,21,385,347
2020,Non-Hispanic White,22,505,403
2020,Non-Hispanic White,23,800,449
2020,Non-Hispanic White,24,960,345
2020,Non-Hispanic White,25,1198,289
2020,Non-Hispanic White,26,1413,237
2020,Non-Hispanic White,27,1840,212
2020,Non-Hispanic White,28,2273,184
2020,Non-Hispanic White,29,2811,139
2020,Non-Hispanic White,30,3909,150
2020,Non-Hispanic White,31,5542,176
2020,Non-Hispanic White,32,8772,161
2020,Non-Hispanic White,33,13638,216
2020,Non-Hispanic White,34,26193,257
2020,Non-Hispanic White,35,39272,249
2020,Non-Hispanic White,36,75726,412
2020,Non-Hispanic White,37,178374,651
2020,Non-Hispanic White,38,283511,648
2020,Non-Hispanic White,39,596054,920
2020,Non-Hispanic White,40,353606,475
2020,Non-Hispanic White,41,146511,226
2020,Non-Hispanic White,42,45650,105
2020,Non-Hispanic White,43,22531,56
2020,Non-Hispanic White,44,11852,26
2020,Non-Hispanic White,45,6401,12
2020,Non-Hispanic White,46,3872,13
2020,Non-Hispanic White,47,2586,4
2021,Non-Hispanic Black,17,95,78
2021,Non-Hispanic Black,18,158,121
2021,Non-Hispanic Black,19,248,199
2021,Non-Hispanic Black,20,266,217
2021,Non-Hispanic Black,21,456,361
2021,Non-Hispanic Black,22,533,340
2021,Non-Hispanic Black,23,893,366
2021,Non-Hispanic Black,24,954,289
2021,Non-Hispanic Black,25,1096,226
2021,Non-Hispanic Black,26,1327,167
2021,Non-Hispanic Black,27,1384,116
2021,Non-Hispanic Black,28,1615,122
2021,Non-Hispanic Black,29,1988,115
2021,Non-Hispanic Black,30,2621,91
2021,Non-Hispanic Black,31,3299,83
2021,Non-Hispanic Black,32,4776,108
2021,Non-Hispanic Black,33,7283,103
2021,Non-Hispanic Black,34,12199,152
2021,Non-Hispanic Black,35,17381,159
2021,Non-Hispanic Black,36,30374,234
2021,Non-Hispanic Black,37,65390,379
2021,Non-Hispanic Black,38,92597,363
2021,Non-Hispanic Black,39,142251,465
2021,Non-Hispanic Black,40,74943,238
2021,Non-Hispanic Black,41,27862,108
2021,Non-Hispanic Black,42,10567,45
2021,Non-Hispanic Black,43,6148,20
2021,Non-Hispanic Black,44,3287,16
2021,Non-Hispanic Black,45,1707,7
2021,Non-Hispanic Black,46,1052,5
2021,Non-Hispanic Black,47,848,2
2021,Non-Hispanic White,17,67,59
2021,Non-Hispanic White,18,123,111
2021,Non-Hispanic White,19,198,172
2021,Non-Hispanic White,20,261,236
2021,Non-Hispanic White,21,353,293
2021,Non-Hispanic White,22,520,393
2021,Non-Hispanic White,23,791,407
2021,Non-Hispanic White,24,1044,351
2021,Non-Hispanic White,25,1275,308
2021,Non-Hispanic White,26,1507,223
2021,Non-Hispanic White,27,1931,201
2021,Non-Hispanic White,28,2359,171
2021,Non-Hispanic White,29,2949,151
2021,Non-Hispanic White,30,4339,183
2021,Non-Hispanic White,31,5744,139
2021,Non-Hispanic White,32,9308,177
2021,Non-Hispanic White,33,14632,194
2021,Non-Hispanic White,34,27848,286
2021,Non-Hispanic White,35,41263,336
2021,Non-Hispanic White,36,80268,418
2021,Non-Hispanic White,37,193205,699
2021,Non-Hispanic White,38,298436,663
2021,Non-Hispanic White,39,609587,913
2021,Non-Hispanic White,40,349503,469
2021,Non-Hispanic White,41,142772,243
2021,Non-Hispanic White,42,44766,108
2021,Non-Hispanic White,43,22029,41
2021,Non-Hispanic White,44,11673,29
2021,Non-Hispanic White,45,6230,20
2021,Non-Hispanic White,46,3761,8
2021,Non-Hispanic White,47,2686,7
2022,Non-Hispanic Black,17,94,80
2022,Non-Hispanic Black,18,129,111
2022,Non-Hispanic Black,19,235,191
2022,Non-Hispanic Black,20,318,254
2022,Non-Hispanic Black,21,405,324
2022,Non-Hispanic Black,22,569,320
2022,Non-Hispanic Black,23,821,366
2022,Non-Hispanic Black,24,969,283
2022,Non-Hispanic Black,25,1132,237
2022,Non-Hispanic Black,26,1312,191
2022,Non-Hispanic Black,27,1392,152
2022,Non-Hispanic Black,28,1552,104
2022,Non-Hispanic Black,29,1836,105
2022,Non-Hispanic Black,30,2490,104
2022,Non-Hispanic Black,31,3115,96
2022,Non-Hispanic Black,32,4838,111
2022,Non-Hispanic Black,33,6929,102
2022,Non-Hispanic Black,34,12053,157
2022,Non-Hispanic Black,35,16594,154
2022,Non-Hispanic Black,36,29634,259
2022,Non-Hispanic Black,37,65457,393
2022,Non-Hispanic Black,38,91130,398
2022,Non-Hispanic Black,39,137629,487
2022,Non-Hispanic Black,40,74358,235
2022,Non-Hispanic Black,41,28529,99
2022,Non-Hispanic Black,42,11382,35
2022,Non-Hispanic Black,43,6781,27
2022,Non-Hispanic Black,44,3694,16
2022,Non-Hispanic Black,45,1831,10
2022,Non-Hispanic Black,46,1100,11
2022,Non-Hispanic Black,47,766,4
2022,Non-Hispanic White,17,65,58
2022,Non-Hispanic White,18,105,103
2022,Non-Hispanic White,19,168,140
2022,Non-Hispanic White,20,291,262
2022,Non-Hispanic White,21,345,292
2022,Non-Hispanic White,22,510,390
2022,Non-Hispanic White,23,762,420
2022,Non-Hispanic White,24,958,349
2022,Non-Hispanic White,25,1141,279
2022,Non-Hispanic White,26,1500,219
2022,Non-Hispanic White,27,1850,220
2022,Non-Hispanic White,28,2267,177
2022,Non-Hispanic White,29,2913,163
2022,Non-Hispanic White,30,4069,151
2022,Non-Hispanic White,31,5744,179
2022,Non-Hispanic White,32,9120,177
2022,Non-Hispanic White,33,14169,210
2022,Non-Hispanic White,34,26933,282
2022,Non-Hispanic White,35,40571,305
2022,Non-Hispanic White,36,77638,415
2022,Non-Hispanic White,37,192787,697
2022,Non-Hispanic White,38,290551,710
2022,Non-Hispanic White,39,583471,939
2022,Non-Hispanic White,40,340716,506
2022,Non-Hispanic White,41,141691,217
2022,Non-Hispanic White,42,45690,88
2022,Non-Hispanic White,43,23064,51
2022,Non-Hispanic White,44,12469,40
2022,Non-Hispanic White,45,6715,25
2022,Non-Hispanic White,46,3951,15
2022,Non-Hispanic White,47,2707,6
2023,Non-Hispanic Black,17,93,81
2023,Non-Hispanic Black,18,143,113
2023,Non-Hispanic Black,19,237,186
2023,Non-Hispanic Black,20,325,269
2023,Non-Hispanic Black,21,420,337
2023,Non-Hispanic Black,22,565,342
2023,Non-Hispanic Black,23,754,299
2023,Non-Hispanic Black,24,907,256
2023,Non-Hispanic Black,25,1041,238
2023,Non-Hispanic Black,26,1130,156
2023,Non-Hispanic Black,27,1329,124
2023,Non-Hispanic Black,28,1562,117
2023,Non-Hispanic Black,29,1775,98
2023,Non-Hispanic Black,30,2439,86
2023,Non-Hispanic Black,31,3081,106
2023,Non-Hispanic Black,32,4790,96
2023,Non-Hispanic Black,33,6754,109
2023,Non-Hispanic Black,34,11611,124
2023,Non-Hispanic Black,35,16025,170
2023,Non-Hispanic Black,36,29073,248
2023,Non-Hispanic Black,37,65193,393
2023,Non-Hispanic Black,38,87521,359
2023,Non-Hispanic Black,39,131799,487
2023,Non-Hispanic Black,40,70010,201
2023,Non-Hispanic Black,41,26144,90
2023,Non-Hispanic Black,42,10621,39
2023,Non-Hispanic Black,43,6518,23
2023,Non-Hispanic Black,44,3627,14
2023,Non-Hispanic Black,45,1806,11
2023,Non-Hispanic Black,46,1167,13
2023,Non-Hispanic Black,47,866,2
2023,Non-Hispanic White,17,91,75
2023,Non-Hispanic White,18,109,98
2023,Non-Hispanic White,19,153,134
2023,Non-Hispanic White,20,257,230
2023,Non-Hispanic White,21,369,318
2023,Non-Hispanic White,22,522,390
2023,Non-Hispanic White,23,681,366
2023,Non-Hispanic White,24,1003,364
2023,Non-Hispanic White,25,1205,296
2023,Non-Hispanic White,26,1372,222
2023,Non-Hispanic White,27,1796,196
2023,Non-Hispanic White,28,2156,157
2023,Non-Hispanic White,29,2840,139
2023,Non-Hispanic White,30,3922,145
2023,Non-Hispanic White,31,5471,158
2023,Non-Hispanic White,32,8697,165
2023,Non-Hispanic White,33,13704,209
2023,Non-Hispanic White,34,26390,247
2023,Non-Hispanic White,35,38902,294
2023,Non-Hispanic White,36,75737,469
2023,Non-Hispanic White,37,193178,692
2023,Non-Hispanic White,38,282650,667
2023,Non-Hispanic White,39,565164,869
2023,Non-Hispanic White,40,328216,450
2023,Non-Hispanic White,41,135685,232
2023,Non-Hispanic White,42,43945,103
2023,Non-Hispanic White,43,22270,51
2023,Non-Hispanic White,44,12247,32
2023,Non-Hispanic White,45,6544,19
2023,Non-Hispanic White,46,3737,7
2023,Non-Hispanic White,47,2682,9
2024,Non-Hispanic Black,17,95,79
2024,Non-Hispanic Black,18,157,129
2024,Non-Hispanic Black,19,181,152
2024,Non-Hispanic Black,20,336,290
2024,Non-Hispanic Black,21,435,335
2024,Non-Hispanic Black,22,564,355
2024,Non-Hispanic Black,23,787,324
2024,Non-Hispanic Black,24,876,252
2024,Non-Hispanic Black,25,974,183
2024,Non-Hispanic Black,26,1076,152
2024,Non-Hispanic Black,27,1168,113
2024,Non-Hispanic Black,28,1458,107
2024,Non-Hispanic Black,29,1775,86
2024,Non-Hispanic Black,30,2214,99
2024,Non-Hispanic Black,31,2910,79
2024,Non-Hispanic Black,32,4429,89
2024,Non-Hispanic Black,33,6312,114
2024,Non-Hispanic Black,34,11024,150
2024,Non-Hispanic Black,35,15546,164
2024,Non-Hispanic Black,36,27770,203
2024,Non-Hispanic Black,37,63418,392
2024,Non-Hispanic Black,38,83748,347
2024,Non-Hispanic Black,39,126988,446
2024,Non-Hispanic Black,40,67679,227
2024,Non-Hispanic Black,41,25318,95
2024,Non-Hispanic Black,42,10323,36
2024,Non-Hispanic Black,43,6344,29
2024,Non-Hispanic Black,44,3407,12
2024,Non-Hispanic Black,45,1770,9
2024,Non-Hispanic Black,46,1024,3
2024,Non-Hispanic Black,47,822,4
2024,Non-Hispanic White,17,85,74
2024,Non-Hispanic White,18,81,72
2024,Non-Hispanic White,19,178,158
2024,Non-Hispanic White,20,268,234
2024,Non-Hispanic White,21,330,286
2024,Non-Hispanic White,22,515,387
2024,Non-Hispanic White,23,776,418
2024,Non-Hispanic White,24,958,342
2024,Non-Hispanic White,25,1199,296
2024,Non-Hispanic White,26,1305,229
2024,Non-Hispanic White,27,1669,187
2024,Non-Hispanic White,28,2058,159
2024,Non-Hispanic White,29,2713,159
2024,Non-Hispanic White,30,3723,180
2024,Non-Hispanic White,31,5417,125
2024,Non-Hispanic White,32,8473,163
2024,Non-Hispanic White,33,13501,173
2024,Non-Hispanic White,34,26455,282
2024,Non-Hispanic White,35,38832,268
2024,Non-Hispanic White,36,75292,409
2024,Non-Hispanic White,37,196318,663
2024,Non-Hispanic White,38,280745,644
2024,Non-Hispanic White,39,561607,810
2024,Non-Hispanic White,40,327871,469
2024,Non-Hispanic White,41,134503,225
2024,Non-Hispanic White,42,44235,110
2024,Non-Hispanic White,43,22831,52
2024,Non-Hispanic White,44,12218,33
2024,Non-Hispanic White,45,6431,13
2024,Non-Hispanic White,46,3865,6
2024,Non-Hispanic White,47,2706,8
