year,race,gestational_age_group,births,deaths,mortality_rate,birth_proportion
2003,Non-Hispanic Black,<28 weeks,9815,4301,438.20682628629646,0.017242348543140128
2003,Non-Hispanic Black,28-31 weeks,10951,627,57.25504520135147,0.01923799886866302
2003,Non-Hispanic Black,32-33 weeks,13355,233,17.44664919505803,0.023461188465984353
2003,Non-Hispanic Black,34-36 weeks,65086,530,8.143072242878652,0.11433881785825964
2003,Non-Hispanic Black,37-38 weeks,158479,719,4.536878703172029,0.2784055175515338
2003,Non-Hispanic Black,39-41 weeks,276883,967,3.492449879552013,0.48640990236069975
2003,Non-Hispanic Black,42+ weeks,34669,162,4.672762410222389,0.06090422635171932
2003,Non-Hispanic White,<28 weeks,11964,5228,436.97759946506187,0.00519323126287022
2003,Non-Hispanic White,28-31 weeks,21028,1116,53.07209435038995,0.009127655215282094
2003,Non-Hispanic White,32-33 weeks,30703,514,16.741035078005407,0.013327296845862951
2003,Non-Hispanic White,34-36 weeks,191224,1304,6.819227712002677,0.08300488590865053
2003,Non-Hispanic White,37-38 weeks,629807,1809,2.8723085008581997,0.27338126061304785
2003,Non-Hispanic White,39-41 weeks,1274917,2448,1.9201249963723128,0.5534051171819384
2003,Non-Hispanic White,42+ weeks,144125,375,2.6019080659150045,0.06256055297234792
2004,Non-Hispanic Black,<28 weeks,9830,4352,442.7263479145473,0.017181680099139868
2004,Non-Hispanic Black,28-31 weeks,11325,618,54.569536423841065,0.019794763695092473
2004,Non-Hispanic Black,32-33 weeks,13544,242,17.867690490253985,0.02367331386192781
2004,Non-Hispanic Black,34-36 weeks,65414,594,9.080624942672822,0.1143359534084573
2004,Non-Hispanic Black,37-38 weeks,160824,734,4.563995423568621,0.28110137540834895
2004,Non-Hispanic Black,39-41 weeks,277627,928,3.342614371080623,0.48525923711942054
2004,Non-Hispanic Black,42+ weeks,33557,140,4.172005840808177,0.05865367640761308
2004,Non-Hispanic White,<28 weeks,11860,5082,428.4991568296796,0.005204171586715057
2004,Non-Hispanic White,28-31 weeks,21339,1034,48.45587890716528,0.009363559653365314
2004,Non-Hispanic White,32-33 weeks,30923,495,16.00750250622514,0.013569021751769791
2004,Non-Hispanic White,34-36 weeks,192396,1341,6.96999937628641,0.08442342298462312
2004,Non-Hispanic White,37-38 weeks,624685,1843,2.9502869446200886,0.2741119669179676
2004,Non-Hispanic White,39-41 weeks,1259282,2390,1.8979069025047606,0.5525733224335339
2004,Non-Hispanic White,42+ weeks,138456,378,2.730109204368175,0.060754534672025295
2005,Non-Hispanic Black,<28 weeks,10402,4418,424.7260142280331,0.01799096819497076
2005,Non-Hispanic Black,28-31 weeks,11671,629,53.89426784337247,0.02018579021375733
2005,Non-Hispanic Black,32-33 weeks,13826,244,17.647909735281353,0.02391300963888346
2005,Non-Hispanic Black,34-36 weeks,68401,589,8.610985219514335,0.11830419299213565
2005,Non-Hispanic Black,37-38 weeks,168260,726,4.314750980625223,0.2910171417502192
2005,Non-Hispanic Black,39-41 weeks,274591,912,3.3213033202107862,0.47492385576093216
2005,Non-Hispanic Black,42+ weeks,31028,133,4.286450947531263,0.053665041449101406
2005,Non-Hispanic White,<28 weeks,11910,5136,431.2342569269522,0.005257546963667305
2005,Non-Hispanic White,28-31 weeks,21170,1080,51.01558809636278,0.009345278691925847
2005,Non-Hispanic White,32-33 weeks,30979,542,17.495722909067435,0.013675360821784168
2005,Non-Hispanic White,34-36 weeks,195244,1356,6.945155805043945,0.08618845502722579
2005,Non-Hispanic White,37-38 weeks,646335,1884,2.914897073499037,0.2853179359161971
2005,Non-Hispanic White,39-41 weeks,1229188,2385,1.940305307243481,0.542612396068538
2005,Non-Hispanic White,42+ weeks,130489,330,2.528948800282016,0.057603026510661876
2006,Non-Hispanic Black,<28 weeks,10446,4528,433.46735592571315,0.01707510036484419
2006,Non-Hispanic Black,28-31 weeks,12283,625,50.883334690222256,0.020077872657608766
2006,Non-Hispanic Black,32-33 weeks,14812,253,17.080745341614907,0.024211792705731584
2006,Non-Hispanic Black,34-36 weeks,72945,662,9.07533072863116,0.11923637718873821
2006,Non-Hispanic Black,37-38 weeks,182422,843,4.6211531503875625,0.29818820206352736
2006,Non-Hispanic Black,39-41 weeks,286876,919,3.2034746719837144,0.4689293980724719
2006,Non-Hispanic Black,42+ weeks,31984,125,3.908204102051026,0.05228125694707798
2006,Non-Hispanic White,<28 weeks,11927,5019,420.8099270562589,0.005197271465162551
2006,Non-Hispanic White,28-31 weeks,21777,1038,47.66496762639482,0.009489476037297297
2006,Non-Hispanic White,32-33 weeks,31110,515,16.554162648666026,0.013556394338996138
2006,Non-Hispanic White,34-36 weeks,197907,1309,6.614217789163597,0.0862393228687788
2006,Non-Hispanic White,37-38 weeks,665599,1839,2.7629248241058053,0.2900392965490675
2006,Non-Hispanic White,39-41 weeks,1236853,2401,1.941216943323095,0.5389671169196526
2006,Non-Hispanic White,42+ weeks,129685,359,2.7682461348652505,0.05651112182104514
2007,Non-Hispanic Black,<28 weeks,10821,4552,420.6635246280381,0.01737082645065905
2007,Non-Hispanic Black,28-31 weeks,12249,671,54.77998203935015,0.019663178374838067
2007,Non-Hispanic Black,32-33 weeks,14893,249,16.719264083797757,0.023907561069186328
2007,Non-Hispanic Black,34-36 weeks,73344,678,9.24410994764398,0.11773827697968187
2007,Non-Hispanic Black,37-38 weeks,184834,809,4.3769003538310045,0.29671188764264994
2007,Non-Hispanic Black,39-41 weeks,294303,991,3.3672779414413037,0.47244121032328906
2007,Non-Hispanic Black,42+ weeks,32497,140,4.308089977536388,0.0521670591596957
2007,Non-Hispanic White,<28 weeks,12110,5076,419.15772089182497,0.00526315103244248
2007,Non-Hispanic White,28-31 weeks,20991,1045,49.7832404363775,0.009122939993559051
2007,Non-Hispanic White,32-33 weeks,30811,498,16.163058647885496,0.013390829600378634
2007,Non-Hispanic White,34-36 weeks,194531,1352,6.950049092432568,0.08454550235277193
2007,Non-Hispanic White,37-38 weeks,655270,1907,2.9102507363376926,0.28478818968031244
2007,Non-Hispanic White,39-41 weeks,1257627,2419,1.9234637933186867,0.5465797558610684
2007,Non-Hispanic White,42+ weeks,129563,322,2.485277432600357,0.05630963147946697
2008,Non-Hispanic Black,<28 weeks,10050,4292,427.06467661691545,0.01623481519772551
2008,Non-Hispanic Black,28-31 weeks,11513,591,51.333275427777295,0.018598151977255103
2008,Non-Hispanic Black,32-33 weeks,14629,273,18.66156264953175,0.023631752390798656
2008,Non-Hispanic Black,34-36 weeks,69895,601,8.598612204020316,0.11290869733781339
2008,Non-Hispanic Black,37-38 weeks,181346,768,4.234998290560586,0.2929471439648488
2008,Non-Hispanic Black,39-41 weeks,298752,988,3.307090831191088,0.48260532437322307
2008,Non-Hispanic Black,42+ weeks,32855,147,4.474204839446051,0.05307411475833549
2008,Non-Hispanic White,<28 weeks,11400,4739,415.70175438596493,0.005046592443391841
2008,Non-Hispanic White,28-31 weeks,20371,937,45.99676010014236,0.009017906549503088
2008,Non-Hispanic White,32-33 weeks,29833,555,18.603559816310796,0.013206578277518316
2008,Non-Hispanic White,34-36 weeks,184124,1359,7.380895483478525,0.08150866553044556
2008,Non-Hispanic White,37-38 weeks,618356,1848,2.9885696912458197,0.2737360278005268
2008,Non-Hispanic White,39-41 weeks,1265444,2396,1.8934065829858926,0.5601912392925917
2008,Non-Hispanic White,42+ weeks,129422,322,2.4879850411831064,0.057292990106022706
2009,Non-Hispanic Black,<28 weeks,9960,4060,407.6305220883534,0.01643672849693049
2009,Non-Hispanic Black,28-31 weeks,11356,594,52.30715040507221,0.01874051092481352
2009,Non-Hispanic Black,32-33 weeks,13892,237,17.06017852001152,0.02292560565053799
2009,Non-Hispanic Black,34-36 weeks,68266,597,8.745202589869042,0.11265760116179285
2009,Non-Hispanic Black,37-38 weeks,177752,763,4.292497412124758,0.2933394943560631
2009,Non-Hispanic Black,39-41 weeks,294219,931,3.1643095789191045,0.485541949963694
2009,Non-Hispanic Black,42+ weeks,30515,140,4.587907586432902,0.050358109446168066
2009,Non-Hispanic White,<28 weeks,11065,4437,400.9941256213285,0.0050197546512688205
2009,Non-Hispanic White,28-31 weeks,19592,937,47.82564311964067,0.008888118673986329
2009,Non-Hispanic White,32-33 weeks,28311,452,15.965525767369575,0.012843585533851927
2009,Non-Hispanic White,34-36 weeks,176237,1209,6.860080459835336,0.07995178495035365
2009,Non-Hispanic White,37-38 weeks,590878,1815,3.0717000802196055,0.268058074002026
2009,Non-Hispanic White,39-41 weeks,1252780,2293,1.8303293475310909,0.568336939179083
2009,Non-Hispanic White,42+ weeks,125428,311,2.479510157221673,0.056901743009430246
2010,Non-Hispanic Black,<28 weeks,9300,3616,388.81720430107526,0.015863214740167365
2010,Non-Hispanic Black,28-31 weeks,10854,532,49.0141883176709,0.01851390675158888
2010,Non-Hispanic Black,32-33 weeks,13341,199,14.916423056742373,0.022756037403072346
2010,Non-Hispanic Black,34-36 weeks,64570,545,8.4404522223943,0.11013847051318353
2010,Non-Hispanic Black,37-38 weeks,169780,694,4.087642831900106,0.2895974837188834
2010,Non-Hispanic Black,39-41 weeks,289324,875,3.024291106164715,0.4935063162886218
2010,Non-Hispanic Black,42+ weeks,29093,109,3.746605712714399,0.049624570584482705
2010,Non-Hispanic White,<28 weeks,10962,4317,393.81499726327314,0.005086940179031337
2010,Non-Hispanic White,28-31 weeks,19022,819,43.055409525812216,0.008827200883555382
2010,Non-Hispanic White,32-33 weeks,27865,487,17.477121837430467,0.012930814458010236
2010,Non-Hispanic White,34-36 weeks,168849,1159,6.864121197045881,0.07835474934220601
2010,Non-Hispanic White,37-38 weeks,556929,1647,2.95728899015853,0.25844412579526943
2010,Non-Hispanic White,39-41 weeks,1249164,2170,1.7371618138210836,0.5796772981024906
2010,Non-Hispanic White,42+ weeks,122139,321,2.62815316974922,0.05667887123943701
2011,Non-Hispanic Black,<28 weeks,9276,3586,386.58904700301855,0.016020033677302363
2011,Non-Hispanic Black,28-31 weeks,10494,484,46.12159329140461,0.018123569794050342
2011,Non-Hispanic Black,32-33 weeks,12862,228,17.72663660394962,0.022213203229566946
2011,Non-Hispanic Black,34-36 weeks,62275,503,8.077077478924126,0.10755148741418764
2011,Non-Hispanic Black,37-38 weeks,163017,707,4.336970990755566,0.28153706662061223
2011,Non-Hispanic Black,39-41 weeks,291421,857,2.9407626766773842,0.5032960580285826
2011,Non-Hispanic Black,42+ weeks,29680,111,3.7398921832884096,0.05125858123569794
2011,Non-Hispanic White,<28 weeks,10454,4111,393.2466041706524,0.004888212646134366
2011,Non-Hispanic White,28-31 weeks,18616,884,47.48603351955307,0.008704703139509981
2011,Non-Hispanic White,32-33 weeks,27291,437,16.012604888058334,0.012761068617338145
2011,Non-Hispanic White,34-36 weeks,162811,1138,6.9896997131643435,0.07612921265829177
2011,Non-Hispanic White,37-38 weeks,528522,1474,2.7889094493701303,0.24713295620434544
2011,Non-Hispanic White,39-41 weeks,1268058,2262,1.7838300771731261,0.5929344893468387
2011,Non-Hispanic White,42+ weeks,122862,287,2.335954159951816,0.05744935738754165
2012,Non-Hispanic Black,<28 weeks,9140,3486,381.4004376367615,0.01575921845311374
2012,Non-Hispanic Black,28-31 weeks,10334,458,44.31972130830269,0.017817917231343256
2012,Non-Hispanic Black,32-33 weeks,12540,210,16.74641148325359,0.0216215097814055
2012,Non-Hispanic Black,34-36 weeks,61498,468,7.610003577352109,0.10603505650214319
2012,Non-Hispanic Black,37-38 weeks,159003,718,4.5156380697219545,0.274153502374228
2012,Non-Hispanic Black,39-41 weeks,297429,879,2.9553271537072714,0.5128280727889678
2012,Non-Hispanic Black,42+ weeks,30034,113,3.762402610374908,0.05178472286879847
2012,Non-Hispanic White,<28 weeks,10595,4151,391.78857951864086,0.004981924946207436
2012,Non-Hispanic White,28-31 weeks,18270,820,44.882320744389716,0.008590822913375163
2012,Non-Hispanic White,32-33 weeks,26425,449,16.991485335856197,0.012425423945590515
2012,Non-Hispanic White,34-36 weeks,158031,1125,7.118856426903583,0.07430850223446034
2012,Non-Hispanic White,37-38 weeks,503078,1466,2.9140610402363056,0.23655468032922553
2012,Non-Hispanic White,39-41 weeks,1286523,2201,1.7108127876454597,0.6049420507380491
2012,Non-Hispanic White,42+ weeks,123766,305,2.4643278444807137,0.05819659489309198
2013,Non-Hispanic Black,<28 weeks,9064,3508,387.0255957634599,0.015606678639133436
2013,Non-Hispanic Black,28-31 weeks,10516,453,43.077215671357926,0.018106777644431513
2013,Non-Hispanic Black,32-33 weeks,12362,189,15.288788221970554,0.021285278170450964
2013,Non-Hispanic Black,34-36 weeks,60283,498,8.261035449463364,0.10379715450164177
2013,Non-Hispanic Black,37-38 weeks,159610,661,4.141344527285258,0.2748214891429929
2013,Non-Hispanic Black,39-41 weeks,299376,904,3.0196141307252415,0.5154749585469122
2013,Non-Hispanic Black,42+ weeks,29566,104,3.5175539471014003,0.05090766335443724
2013,Non-Hispanic White,<28 weeks,10311,4111,398.70041703035594,0.004859470760228406
2013,Non-Hispanic White,28-31 weeks,18271,764,41.81489792567457,0.00861093882844857
2013,Non-Hispanic White,32-33 weeks,26701,455,17.040560278641248,0.012583913177078718
2013,Non-Hispanic White,34-36 weeks,154859,1120,7.232385589471713,0.07298349165534
2013,Non-Hispanic White,37-38 weeks,493626,1523,3.085331809912768,0.232640976965232
2013,Non-Hispanic White,39-41 weeks,1294636,2234,1.7255815534250554,0.6101489464784272
2013,Non-Hispanic White,42+ weeks,123432,276,2.236048998638927,0.05817226213524514
2014,Non-Hispanic Black,<28 weeks,8395,3345,398.4514592019059,0.015423082999886095
2014,Non-Hispanic Black,28-31 weeks,9900,438,44.24242424242424,0.018188031173183124
2014,Non-Hispanic Black,32-33 weeks,11690,195,16.680923866552607,0.021476574183283914
2014,Non-Hispanic Black,34-36 weeks,57670,484,8.39257846367262,0.10594987452095665
2014,Non-Hispanic Black,37-38 weeks,149653,592,3.9558177918250883,0.27493873021821963
2014,Non-Hispanic Black,39-41 weeks,278338,816,2.931687372906323,0.5113555778466106
2014,Non-Hispanic Black,42+ weeks,28668,107,3.7323845402539417,0.05266812905785999
2014,Non-Hispanic White,<28 weeks,9928,3886,391.4182111200645,0.00486013645391168
2014,Non-Hispanic White,28-31 weeks,17181,756,44.002095337873236,0.00841075789833366
2014,Non-Hispanic White,32-33 weeks,25382,419,16.50776140572059,0.012425461671352365
2014,Non-Hispanic White,34-36 weeks,149562,1098,7.341436996028403,0.07321633041095274
2014,Non-Hispanic White,37-38 weeks,473109,1426,3.0141045720964934,0.2316049856540795
2014,Non-Hispanic White,39-41 weeks,1248828,2068,1.655952621177616,0.6113491627181321
2014,Non-Hispanic White,42+ weeks,118751,300,2.526294515414607,0.05813316519323791
2015,Non-Hispanic Black,<28 weeks,8626,3276,379.7820542545792,0.015604958997635558
2015,Non-Hispanic Black,28-31 weeks,9882,495,50.09107468123862,0.0178771394406022
2015,Non-Hispanic Black,32-33 weeks,12273,229,18.658844618267743,0.0222026039622051
2015,Non-Hispanic Black,34-36 weeks,57882,492,8.500051829584326,0.10471206082786243
2015,Non-Hispanic Black,37-38 weeks,153612,682,4.439757310626774,0.2778934571695796
2015,Non-Hispanic Black,39-41 weeks,282569,882,3.121361508162608,0.5111845187807653
2015,Non-Hispanic Black,42+ weeks,27929,97,3.473092484514304,0.05052526082134981
2015,Non-Hispanic White,<28 weeks,9554,3690,386.2256646430815,0.004654822545243716
2015,Non-Hispanic White,28-31 weeks,17416,792,45.475424896646764,0.008485282546364303
2015,Non-Hispanic White,32-33 weeks,25448,418,16.425652310594153,0.012398568571421612
2015,Non-Hispanic White,34-36 weeks,149003,1089,7.308577679644034,0.07259603555672486
2015,Non-Hispanic White,37-38 weeks,476394,1464,3.073086562803058,0.23210482851358955
2015,Non-Hispanic White,39-41 weeks,1258989,2143,1.7021594310990802,0.6133944297062843
2015,Non-Hispanic White,42+ weeks,115691,304,2.6276892757431436,0.05636603256037165
2016,Non-Hispanic Black,<28 weeks,8594,3336,388.1777984640447,0.015469159780184571
2016,Non-Hispanic Black,28-31 weeks,10013,404,40.34754818735644,0.01802335313928184
2016,Non-Hispanic Black,32-33 weeks,12320,200,16.233766233766232,0.02217594234254991
2016,Non-Hispanic Black,34-36 weeks,59381,536,9.026456273892322,0.10688552209764254
2016,Non-Hispanic Black,37-38 weeks,155680,696,4.47070914696814,0.2802232714194943
2016,Non-Hispanic Black,39-41 weeks,282031,881,3.1237700820122614,0.5076544800983518
2016,Non-Hispanic Black,42+ weeks,27538,122,4.43024184762873,0.04956827112249508
2016,Non-Hispanic White,<28 weeks,9399,3631,386.3176933716353,0.004589108983404212
2016,Non-Hispanic White,28-31 weeks,17060,732,42.9073856975381,0.008329630732724316
2016,Non-Hispanic White,32-33 weeks,25209,454,18.00944107263279,0.012308420934422467
2016,Non-Hispanic White,34-36 weeks,150282,1150,7.6522803795531065,0.07337594172188017
2016,Non-Hispanic White,37-38 weeks,477143,1410,2.9550889356021153,0.23296746756765993
2016,Non-Hispanic White,39-41 weeks,1256331,2124,1.6906372604035083,0.6134099242716455
2016,Non-Hispanic White,42+ weeks,112686,257,2.2806737305432794,0.055019505788263326
2017,Non-Hispanic Black,<28 weeks,8504,3145,369.82596425211665,0.015241536412826263
2017,Non-Hispanic Black,28-31 weeks,10257,458,44.65243248513211,0.018383400633391223
2017,Non-Hispanic Black,32-33 weeks,12561,199,15.842687684101586,0.022512810310619788
2017,Non-Hispanic Black,34-36 weeks,61645,503,8.159623651553249,0.11048500848643872
2017,Non-Hispanic Black,37-38 weeks,158960,726,4.567186713638652,0.284900591272679
2017,Non-Hispanic Black,39-41 weeks,278964,864,3.097173828881146,0.49998118107568973
2017,Non-Hispanic Black,42+ weeks,27058,111,4.102298765614606,0.04849547180835524
2017,Non-Hispanic White,<28 weeks,8946,3383,378.15783590431477,0.004506133600363472
2017,Non-Hispanic White,28-31 weeks,16587,685,41.297401579550254,0.008354933828440523
2017,Non-Hispanic White,32-33 weeks,24387,393,16.11514331406077,0.01228382295015247
2017,Non-Hispanic White,34-36 weeks,148418,1091,7.350860407767252,0.07475870072644153
2017,Non-Hispanic White,37-38 weeks,473475,1361,2.87449178942922,0.23849112524391852
2017,Non-Hispanic White,39-41 weeks,1206680,1950,1.616004243047038,0.6078092212035094
2017,Non-Hispanic White,42+ weeks,106801,265,2.481250175560154,0.053796062447174074
2018,Non-Hispanic Black,<28 weeks,8248,2998,363.48205625606204,0.015013315033883713
2018,Non-Hispanic Black,28-31 weeks,10039,444,44.227512700468175,0.0182733595568815
2018,Non-Hispanic Black,32-33 weeks,12627,219,17.343787122832026,0.022984132993798454
2018,Non-Hispanic Black,34-36 weeks,61430,533,8.676542405990558,0.11181716083068337
2018,Non-Hispanic Black,37-38 weeks,159315,660,4.142736088880519,0.28999106263617647
2018,Non-Hispanic Black,39-41 weeks,272129,840,3.0867713474124403,0.49533928308144287
2018,Non-Hispanic Black,42+ weeks,25591,101,3.946700011722871,0.04658168586713362
2018,Non-Hispanic White,<28 weeks,8374,3248,387.86720802483876,0.004295253268116336
2018,Non-Hispanic White,28-31 weeks,15841,697,43.99974749068872,0.00812528146885967
2018,Non-Hispanic White,32-33 weeks,24344,408,16.75977653631285,0.012486702359568197
2018,Non-Hispanic White,34-36 weeks,147279,1064,7.224383652795035,0.07554342083531237
2018,Non-Hispanic White,37-38 weeks,472331,1356,2.870868098854405,0.24227146780304
2018,Non-Hispanic White,39-41 weeks,1179175,1831,1.5527805457205248,0.604831057132921
2018,Non-Hispanic White,42+ weeks,102250,251,2.454767726161369,0.05244681713218239
2019,Non-Hispanic Black,<28 weeks,8256,2933,355.2567829457364,0.015140234218836535
2019,Non-Hispanic Black,28-31 weeks,10172,413,40.60165159260716,0.018653883536095595
2019,Non-Hispanic Black,32-33 weeks,12774,209,16.36135901049006,0.023425551345859726
2019,Non-Hispanic Black,34-36 weeks,62527,542,8.668255313704481,0.11466490128405911
2019,Non-Hispanic Black,37-38 weeks,160924,686,4.262881857274242,0.2951098657257813
2019,Non-Hispanic Black,39-41 weeks,265799,801,3.0135553557387347,0.4874344858445412
2019,Non-Hispanic Black,42+ weeks,24850,101,4.064386317907445,0.04557107804482654
2019,Non-Hispanic White,<28 weeks,8285,3088,372.7217863608932,0.004340343717503085
2019,Non-Hispanic White,28-31 weeks,15688,676,43.090260071392144,0.008218625496703486
2019,Non-Hispanic White,32-33 weeks,23956,363,15.152780096844214,0.01255006325847965
2019,Non-Hispanic White,34-36 weeks,148964,1021,6.854004994495314,0.07803922287678086
2019,Non-Hispanic White,37-38 weeks,476814,1343,2.8166119283410302,0.24979319846922338
2019,Non-Hispanic White,39-41 weeks,1137429,1686,1.482290323176216,0.5958760186186862
2019,Non-Hispanic White,42+ weeks,97699,217,2.221107687898545,0.05118252756262327
2020,Non-Hispanic Black,<28 weeks,7667,2681,349.6804486761445,0.014547393346944042
2020,Non-Hispanic Black,28-31 weeks,9349,388,41.501764894641134,0.017738826190241273
2020,Non-Hispanic Black,32-33 weeks,12238,199,16.26082693250531,0.023220425170197102
2020,Non-Hispanic Black,34-36 weeks,60354,501,8.301023958644,0.11451589644730151
2020,Non-Hispanic Black,37-38 weeks,157931,723,4.577948597805371,0.29965884683399235
2020,Non-Hispanic Black,39-41 weeks,255525,790,3.091674004500538,0.4848340530817629
2020,Non-Hispanic Black,42+ weeks,23972,105,4.3801101284832304,0.04548455892956079
2020,Non-Hispanic White,<28 weeks,7742,2842,367.0886075949367,0.004214879362552577
2020,Non-Hispanic White,28-31 weeks,14535,649,44.65084279325766,0.007913106630677048
2020,Non-Hispanic White,32-33 weeks,22410,377,16.822846943328873,0.012200393504882879
2020,Non-Hispanic White,34-36 weeks,141191,918,6.501830853241353,0.07686683441980895
2020,Non-Hispanic White,37-38 weeks,461885,1299,2.812388365069227,0.2514582219546108
2020,Non-Hispanic White,39-41 weeks,1096171,1621,1.478783875873381,0.596774544785407
2020,Non-Hispanic White,42+ weeks,92892,216,2.325280971450717,0.05057201934206071
2021,Non-Hispanic Black,<28 weeks,7410,2480,334.6828609986505,0.014371661643373326
2021,Non-Hispanic Black,28-31 weeks,9523,411,43.15866848682138,0.018469815631557918
2021,Non-Hispanic Black,32-33 weeks,12059,211,17.497304917489014,0.023388376215578804
2021,Non-Hispanic Black,34-36 weeks,59954,545,9.090302565300064,0.11628051311292907
2021,Non-Hispanic Black,37-38 weeks,157987,742,4.696588959851127,0.3064150753106102
2021,Non-Hispanic Black,39-41 weeks,245056,811,3.3094476364586054,0.47528500886349445
2021,Non-Hispanic Black,42+ weeks,23609,95,4.023889194798594,0.045789549222456254
2021,Non-Hispanic White,<28 weeks,8070,2754,341.2639405204461,0.004289295152405513
2021,Non-Hispanic White,28-31 weeks,15391,644,41.842635306347866,0.008180488437505979
2021,Non-Hispanic White,32-33 weeks,23940,371,15.497076023391813,0.012724377440965055
2021,Non-Hispanic White,34-36 weeks,149379,1040,6.962156661913656,0.07939660725789134
2021,Non-Hispanic White,37-38 weeks,491641,1362,2.7703141113129295,0.26131268376998745
2021,Non-Hispanic White,39-41 weeks,1101862,1625,1.4747763331524275,0.5856519622329422
2021,Non-Hispanic White,42+ weeks,91145,213,2.336935651983104,0.048444585708302415
2022,Non-Hispanic Black,<28 weeks,7376,2509,340.15726681127984,0.014489052672106609
2022,Non-Hispanic Black,28-31 weeks,8993,409,45.479817635939064,0.017665408172485728
2022,Non-Hispanic Black,32-33 weeks,11767,213,18.101470213308403,0.023114517732196103
2022,Non-Hispanic Black,34-36 weeks,58281,570,9.78020281052144,0.11448433822980549
2022,Non-Hispanic Black,37-38 weeks,156587,791,5.051504914201051,0.3075918235855691
2022,Non-Hispanic Black,39-41 weeks,240516,821,3.4134943205441632,0.47245783520666934
2022,Non-Hispanic Black,42+ weeks,25554,103,4.030680128355638,0.05019702440116761
2022,Non-Hispanic White,<28 weeks,7695,2732,355.03573749187785,0.004193618179648172
2022,Non-Hispanic White,28-31 weeks,14993,670,44.68752084306009,0.008170879449962969
2022,Non-Hispanic White,32-33 weeks,23289,387,16.617287131263684,0.012692030381523884
2022,Non-Hispanic White,34-36 weeks,145142,1002,6.903584076283915,0.07909943207673749
2022,Non-Hispanic White,37-38 weeks,483338,1407,2.9110063764901577,0.26340935980699004
2022,Non-Hispanic White,39-41 weeks,1065878,1662,1.5592778910907252,0.5808817879255406
2022,Non-Hispanic White,42+ weeks,94596,225,2.378536090320944,0.051552892179596944
2023,Non-Hispanic Black,<28 weeks,6944,2401,345.76612903225805,0.014190948365711203
2023,Non-Hispanic Black,28-31 weeks,8857,407,45.95235407022694,0.018100407499294948
2023,Non-Hispanic Black,32-33 weeks,11544,205,17.758142758142757,0.02359163420705215
2023,Non-Hispanic Black,34-36 weeks,56709,542,9.557565818476785,0.11589206377752255
2023,Non-Hispanic Black,37-38 weeks,152714,752,4.924237463493852,0.3120905081683785
2023,Non-Hispanic Black,39-41 weeks,227953,778,3.412984255526358,0.4658509868676506
2023,Non-Hispanic Black,42+ weeks,24605,102,4.145498882340988,0.05028345111439
2023,Non-Hispanic White,<28 weeks,7558,2689,355.78195289759196,0.004242027956524545
2023,Non-Hispanic White,28-31 weeks,14389,599,41.629022169712975,0.008076017500189426
2023,Non-Hispanic White,32-33 weeks,22401,374,16.6956832284273,0.012572858991016981
2023,Non-Hispanic White,34-36 weeks,141029,1010,7.161647604393423,0.07915440072515217
2023,Non-Hispanic White,37-38 weeks,475828,1359,2.8560740435619594,0.2670647894280446
2023,Non-Hispanic White,39-41 weeks,1029065,1551,1.5071934231559716,0.5775764089813352
2023,Non-Hispanic White,42+ weeks,91425,221,2.4172819250751982,0.05131349641773704
2024,Non-Hispanic Black,<28 weeks,6649,2364,355.5421867950068,0.014118931131722896
2024,Non-Hispanic Black,28-31 weeks,8357,371,44.39392126361135,0.017745812523358134
2024,Non-Hispanic Black,32-33 weeks,10741,203,18.899543804115073,0.02280815751027758
2024,Non-Hispanic Black,34-36 weeks,54340,517,9.51417004048583,0.115389189005538
2024,Non-Hispanic Black,37-38 weeks,147166,739,5.021540301428319,0.3125021234668569
2024,Non-Hispanic Black,39-41 weeks,219985,768,3.4911471236675227,0.4671308565215914
2024,Non-Hispanic Black,42+ weeks,23690,93,3.9257070493879276,0.050304929840655044
2024,Non-Hispanic White,<28 weeks,7364,2683,364.3400325909832,0.004143694595528366
2024,Non-Hispanic White,28-31 weeks,13911,623,44.784702753216884,0.007827666420205744
2024,Non-Hispanic White,32-33 weeks,21974,336,15.290798216073542,0.012364685638530732
2024,Non-Hispanic White,34-36 weeks,140579,959,6.8217870378932846,0.0791032648757173
2024,Non-Hispanic White,37-38 weeks,477063,1307,2.7396800841817535,0.26844152292593004
2024,Non-Hispanic White,39-41 weeks,1023981,1504,1.468777252702931,0.5761901868038745
2024,Non-Hispanic White,42+ weeks,92286,222,2.4055653078473442,0.05192897874021331
