year,cause_of_death,composition_effect,rate_effect,gap,composition_pct,rate_pct,csimr_black,csimr_white,composition_lo,composition_hi,rate_lo,rate_hi,gap_lo,gap_hi
2003,Infection,0.3930850373795756,0.16959417486759853,0.5626792122471742,69.85952720906648,30.140472790933504,0.8309353908207112,0.2682561785735369,0.3651390092050839,0.4217132558854571,0.10435601296085832,0.23056096296221457,0.4883853797050129,0.6359171705388591
2003,Other,1.3106223081198252,0.30611789245429527,1.6167402005741205,81.0657338547288,18.93426614527119,2.707127774322867,1.0903875737487456,1.2576737281264847,1.3602573669617704,0.1823388693481256,0.4169074907511451,1.4842923020806371,1.7480306557815775
2003,Circulatory diseases,0.07485386295881503,0.10613717079210405,0.18099103375091907,41.35777414356855,58.642225856431466,0.2968881206103598,0.11589708685944071,0.0631638397768794,0.08547550897670719,0.06137498017308061,0.15265210671888516,0.13320641511624182,0.23269519239964215
2003,Maternal complications,0.658071758096432,-0.07756402405607325,0.5805077340403588,113.36141096970825,-13.361410969708242,0.9082317062458936,0.32772397220553456,0.6186889559405141,0.6967593171483032,-0.15485300426843093,-0.012322206619697917,0.49515411506049595,0.6635857500023276
2003,Placenta/cord/membranes,0.3734782602353173,-0.11036873843086865,0.2631095218044487,141.94783133424497,-41.94783133424498,0.49012890917331586,0.227019387368867,0.3453426756589953,0.39946726634642915,-0.16602505063768674,-0.055676871928455926,0.20347040784982795,0.3189494633126464
2003,Short gestation/LBW,1.8950578028219858,0.3699388357919518,2.2649966386139377,83.66713532880404,16.332864671195956,3.0215832393480406,0.7565866007341018,1.8334213767897702,1.9574010895418223,0.25559488001524133,0.49222305095050217,2.1204694918394624,2.419071986683398
2003,Hypoxia and birth asphyxia,0.07936330920483946,0.009986601574832324,0.08934991077967178,88.82304247683211,11.176957523167893,0.21783507074369596,0.12848515996402415,0.06644181586422541,0.09242233074321067,-0.025393704253151555,0.04831490945058094,0.051188363103953444,0.13191863093110986
2003,Respiratory distress,0.3087752660683604,-0.02844137121155465,0.28033389485680577,110.14553421236575,-10.145534212365746,0.44094034481183614,0.1606064499550302,0.2843051487210906,0.3350634799013209,-0.07741264040963414,0.020748938756245852,0.2268781138906068,0.3391848476266766
2003,Hemorrhage,0.21593694617764114,-0.1197896841581923,0.09614726201944884,224.5898028109849,-124.5898028109849,0.24242935292443582,0.14628209090498695,0.1957526061937103,0.23627155512907863,-0.1593228832250362,-0.07881039932773219,0.05327954678213631,0.1364796783393924
2003,Necrotizing enterocolitis,0.12379375939510102,0.07894639873601929,0.2027401581311203,61.06030523811595,38.93969476188405,0.26351016622221285,0.0607700080910925,0.10865632024980446,0.1391466949891093,0.04231459283339111,0.11481037467519084,0.16069866644969336,0.24572199006050116
2003,Congenital malformations,0.5205405793868518,-0.14515078778111207,0.37538979160573976,138.66668487713153,-38.66668487713151,1.6337630305777198,1.25837323897198,0.48985839598334924,0.5510014922759521,-0.2595390971125669,-0.031960975589113594,0.25974068290873104,0.49033587893539354
2003,Sudden unexpected infant death,0.10122957648172493,0.9203624974218483,1.021592073903573,9.909001750074255,90.09099824992576,1.8463278979969713,0.8247358240933983,0.08555422111420077,0.11714811052548947,0.8059341541386266,1.0367586659677188,0.9040120236632463,1.13801809711252
2003,Unintentional injuries,0.008327494115745394,0.0524396971218155,0.0607671912375609,13.703931259863914,86.29606874013608,0.18621385079703043,0.12544665955946951,0.003252243855235998,0.013247025866486588,0.013739128995487942,0.09155730149059897,0.021716540880690492,0.10065621792118201
2003,Assault (homicide),0.006107475543945109,0.08905825866646536,0.09516573421041047,6.417725449836327,93.58227455016367,0.15810609973332773,0.06294036552291724,0.002160992638174825,0.010490801484459024,0.05402231453679195,0.1213388678093604,0.057402589479767015,0.12858509680300126
2004,Infection,0.39791857802895425,0.13359751758766475,0.5315160956166189,74.86482183899315,25.13517816100686,0.8075214858395339,0.2760053902229149,0.37055857900747435,0.4261584606664188,0.06866098766708302,0.19846629885568706,0.45503238665556095,0.6093037892382274
2004,Other,1.306992367968863,0.3442332938310784,1.6512256617999415,79.15286191374702,20.847138086252983,2.7197043981954865,1.068478736395545,1.2551228922629984,1.3591166889782667,0.21502331960249918,0.45870776814638553,1.5094527555908386,1.7872804581688642
2004,Circulatory diseases,0.07926690658229599,0.04256517009150839,0.12183207667380438,65.06242752023901,34.937572479760995,0.24645136256141617,0.12461928588761184,0.06686343919931538,0.09099639809066934,0.0035690197223880184,0.08095976330462137,0.08075227507667065,0.16383209564701248
2004,Maternal complications,0.6706693315348099,0.03375533677334097,0.7044246683081509,95.20809842528475,4.791901574715252,1.01202368030539,0.30759901199723905,0.6334604420339741,0.7088010160891549,-0.034966017356027175,0.09694027202038298,0.6270216216677554,0.7896291497175567
2004,Placenta/cord/membranes,0.3401688350528184,-0.0644210251885433,0.2757478098642751,123.36229804336499,-23.36229804336497,0.4806675510949607,0.20491974123068565,0.31232690740149655,0.3661769248261363,-0.11876718036809764,-0.009947172077983698,0.21404607607860549,0.33448500251839075
2004,Short gestation/LBW,1.814956609365345,0.3178591754878938,2.1328157848532387,85.09673560439418,14.90326439560583,2.875265896549856,0.742450111696617,1.7499637852438268,1.8786316791478745,0.19930947523678363,0.4369498546068137,1.9942145973020546,2.280229365098237
2004,Hypoxia and birth asphyxia,0.08378525607157838,0.017562271296788078,0.10134752736836647,82.67123850693,17.328761493070008,0.21324160448576437,0.11189407711739795,0.0708679216388097,0.09643503785963592,-0.019234852682751977,0.05570038904574835,0.06201378677478263,0.14417099362520866
2004,Respiratory distress,0.3213268553131424,-0.00695729963010153,0.31436955568304087,102.21309586260196,-2.213095862601956,0.47891966909097905,0.16455011340793815,0.29539366179085863,0.34724178465821715,-0.05747471908242816,0.04105923310816505,0.2544659882365853,0.36942105974219436
2004,Hemorrhage,0.201885851494579,-0.05207302434566182,0.14981282714891717,134.75872215794988,-34.758722157949876,0.27092171061715964,0.12110888346824249,0.18246623615274757,0.22311476512619338,-0.09383890095777894,-0.011537791340383931,0.1051992104751585,0.19439498003914696
2004,Necrotizing enterocolitis,0.1422308348697729,0.04227649299322859,0.18450732786300147,77.08682170898963,22.913178291010375,0.26393018260123297,0.07942285473823149,0.12727287313564184,0.15848542447646224,0.00515205914921501,0.07979277339883686,0.14383759868590462,0.22866621616094102
2004,Congenital malformations,0.523551007373775,-0.14909895951919205,0.37445204785458297,139.81790468858486,-39.81790468858487,1.6395133197348113,1.2650612718802288,0.4936575421024221,0.554944134725561,-0.26243268576219225,-0.025031454237739025,0.2620000452424153,0.4994402407496848
2004,Sudden unexpected infant death,0.11044191762176786,0.9797143249795734,1.0901562426013414,10.130833848020746,89.86916615197926,1.9488884344395678,0.8587321918382266,0.09500712439458771,0.12741496772893235,0.8573590468976832,1.0955518922567855,0.9698852743304519,1.2107802198907662
2004,Unintentional injuries,0.009934320477900552,0.06163333997145043,0.07156766044935098,13.881018906481025,86.11898109351898,0.19925854845391097,0.12769088800456002,0.0049313273076984025,0.015489552306538684,0.02480108841933839,0.09791246335889493,0.03354940586231775,0.10921590646657722
2004,Assault (homicide),0.005595722820398788,0.07586707807041683,0.08146280089081562,6.869052818228925,93.13094718177108,0.1415784423225157,0.060115641431700076,0.0016647790750897685,0.009617971373912636,0.045284063655257785,0.1082955580677953,0.050393073986204004,0.11556498096285837
2005,Infection,0.4160497508987505,0.09868738280948251,0.514737133708233,80.82761542799024,19.17238457200976,0.800790066744036,0.286052933035803,0.38906583573126097,0.4468328876516736,0.033682680727299,0.16292146008381866,0.44448225210808645,0.5908175027305953
2005,Other,1.3715496043056874,0.24049030158905338,1.6120399058947408,85.08161611200484,14.918383887995162,2.7050446315068517,1.0930047256121114,1.3219958404893117,1.425402592127223,0.11005617317624666,0.3639799031871633,1.468715206149167,1.7473545447639287
2005,Circulatory diseases,0.06303323970845041,0.08618682189847038,0.1492200616069208,42.241799815425715,57.75820018457427,0.2525169540920718,0.10329689248515107,0.052419654637499806,0.07404472163555319,0.04622729741853436,0.12655129342302487,0.10478121701384034,0.19172404241320984
2005,Maternal complications,0.6968754256101656,0.003743153014143612,0.7006185786243092,99.46573597555842,0.5342640244415775,1.0100678163682872,0.3094492377439782,0.6606807936579613,0.7385011630228442,-0.06968394716563706,0.0754716914663931,0.6199584189774464,0.7846207913381317
2005,Placenta/cord/membranes,0.38771062257788086,-0.1481772377366081,0.23953338484127276,161.86078731146307,-61.860787311463085,0.47217211278860005,0.2326387279473274,0.3593410667446273,0.41827105007575804,-0.203836892633016,-0.09502861518449432,0.18256205150070043,0.29532842319762626
2005,Short gestation/LBW,1.8732578881704762,0.3247597556106719,2.198017643781148,85.22487949405162,14.775120505948383,2.9281589265608057,0.7301412827796575,1.8115125130912624,1.9358171558892008,0.19933114440674182,0.4392022091307335,2.055487882297965,2.34278175275831
2005,Hypoxia and birth asphyxia,0.07574461207213709,-0.014211554828492134,0.061533057243644954,123.09580486505062,-23.09580486505062,0.18160465876484616,0.12007160152120123,0.06339403679414823,0.08912389354100468,-0.04977319395188027,0.023852206125117285,0.023947342164478868,0.10013899748844168
2005,Respiratory distress,0.3318641388592776,-0.027258163095243225,0.3046059757640344,108.94866327782057,-8.948663277820588,0.463524271895036,0.15891829613100164,0.30508774128530813,0.35677850849905585,-0.07567390147316115,0.024159186383671517,0.24543069454401822,0.3637707573691559
2005,Hemorrhage,0.225828698364721,-0.1320490870677147,0.0937796112970063,240.80788482851182,-140.80788482851185,0.2438691131985077,0.15008950190150155,0.20457672535445082,0.24963148141424701,-0.17898541532286952,-0.0912459713200312,0.0508678459390211,0.1376475421789955
2005,Necrotizing enterocolitis,0.1708893480662777,0.04982921124809254,0.22071855931437023,77.424095462167,22.575904537833004,0.3165109767044462,0.095792417390076,0.15248962400875,0.1892714227305829,0.013723873792688955,0.09303600613234375,0.17705945074275634,0.2713637981018114
2005,Congenital malformations,0.5296251572144174,-0.11101676573452557,0.4186083914798918,126.52043484891735,-26.520434848917347,1.6396306334197541,1.2210222419398626,0.5004826810151803,0.5597965084470262,-0.21979068646176217,3.5035345917772317e-6,0.3085026911757044,0.5342999888925968
2005,Sudden unexpected infant death,0.1213828415547225,0.8056546612607246,0.9270375028154471,13.093627947745192,86.90637205225481,1.8558266557588565,0.9287891529434096,0.10476709961877083,0.13796871528184013,0.6894364370580969,0.920368949653644,0.8097639929854473,1.0452232021874075
2005,Unintentional injuries,0.008358602440615898,0.08802630475282446,0.09638490719344035,8.672107162836754,91.32789283716325,0.2248438632326667,0.12845895603922633,0.0034035420200438492,0.013470756630064052,0.046638158765658876,0.13033746772761642,0.05483455640374709,0.1386645922913776
2005,Assault (homicide),0.004919076314259804,0.0791492934713403,0.0840683697856001,5.851280721637571,94.14871927836242,0.13836545429702565,0.054297084511425564,0.001140795309638252,0.008639687814863713,0.04950065531628495,0.11095772275248292,0.05499297106468676,0.1164291896614405
2006,Infection,0.3734568636706406,0.1700765082707411,0.5435333719413817,68.70909551270694,31.290904487293066,0.7993226190320514,0.2557892470906697,0.3478495302725746,0.4013032123316026,0.10781618306224192,0.23645606271707742,0.47509881096039996,0.6207963263263545
2006,Other,1.2906157803818146,0.286146027769229,1.5767618081510435,81.85229840740675,18.147701592593247,2.6709471564383884,1.0941853482873451,1.2369486419192386,1.3395869334396882,0.16206975015536107,0.41330948863676675,1.4359522783415677,1.7230723247048694
2006,Circulatory diseases,0.06050015599745638,0.0911156864616403,0.15161584245909668,39.90358462294484,60.09641537705516,0.256633233513358,0.1050173910542613,0.05015268178644852,0.07136032438951179,0.05200401798392712,0.1314067200428691,0.10811982207782302,0.1949857930763204
2006,Maternal complications,0.6103287522495331,-0.05806157639988146,0.5522671758496517,110.51331292875679,-10.513312928756797,0.8581684560160061,0.3059012801663545,0.5760740868298954,0.6467141101735732,-0.11949813411006525,0.009180626552521883,0.4780632448011253,0.62997279779761
2006,Placenta/cord/membranes,0.3584541673043608,-8.488567240093753e-4,0.35760531058035144,100.2373725162615,-0.23737251626151204,0.5541316315989068,0.19652632101855538,0.33282259125194186,0.38474465277961367,-0.05469607101542181,0.050688931555454605,0.2950503648903223,0.421254678207531
2006,Short gestation/LBW,1.8130988501121035,0.3479770154213658,2.161075865533469,83.89797318219246,16.10202681780755,2.901426684625544,0.7403508190920746,1.7542781272183818,1.8730197882430915,0.23310191476863207,0.461771890685458,2.021875378718936,2.3030841510584596
2006,Hypoxia and birth asphyxia,0.055128870252107644,-0.0072667064353307675,0.047862163816776875,115.18256981265776,-15.182569812657754,0.11932628055079704,0.07146411673402014,0.04530616952578737,0.06563465598061444,-0.0334494739178917,0.019067340437713638,0.01887234347257122,0.07619263085328516
2006,Respiratory distress,0.2955169974628526,-0.02815690443485384,0.26736009302799874,110.53145370947533,-10.53145370947532,0.4168246786363458,0.149464585608347,0.27180604194803504,0.3201059593179148,-0.07448824061624457,0.020069049103517884,0.2162488216327653,0.3231145975498152
2006,Hemorrhage,0.2051483788883996,-0.07728231963470589,0.1278660592536937,160.44005742084636,-60.44005742084634,0.2533640203475827,0.12549796109388903,0.18418130526928594,0.225473025361462,-0.1160811068436068,-0.035141543915483076,0.08653393618081076,0.1737550981839903
2006,Necrotizing enterocolitis,0.15351914975625683,0.07655158610771473,0.23007073586397156,66.72693473150989,33.27306526849011,0.3154790704973127,0.08540833463334115,0.1365125550243294,0.16975180309595977,0.03769889442716587,0.11514458169701498,0.18330958919308674,0.2794409505034715
2006,Congenital malformations,0.5335246844619843,-0.05179523398376229,0.481729450478222,110.75193429264998,-10.751934292649986,1.7179715186148998,1.2362420681366777,0.5064911849503122,0.5633301659262802,-0.15479584181779335,0.055900082225254374,0.3772914587136825,0.5932257551004868
2006,Sudden unexpected infant death,0.09967961068724333,0.8200123976776983,0.9196920083649416,10.838368690890007,89.16163130911,1.8029710609250564,0.8832790525601149,0.08476097369624604,0.11495839254238435,0.7179344350625121,0.9312449704650707,0.8182189022472766,1.033351960673234
2006,Unintentional injuries,0.011011243827280564,0.06280437753659385,0.07381562136387441,14.91722703653823,85.08277296346176,0.20105660969517855,0.12724098833130415,0.005566885590778992,0.016244908497283626,0.02721815414435281,0.10004822056753895,0.03774256089911756,0.11228170037765414
2006,Assault (homicide),0.009086168033491108,0.06470871141794528,0.07379487945143638,12.312735112563763,87.68726488743624,0.13567234637967332,0.06187746692823695,0.004774845913276481,0.013541708123221512,0.034711811909313245,0.09558359394970029,0.04282329901073073,0.10574028495275024
2007,Infection,0.3802340567026312,0.10001136356656443,0.48024542026919564,79.17494694472998,20.82505305527001,0.7544855772858103,0.2742401570166148,0.35412865175976277,0.4086764916464663,0.037356275374458736,0.15962277111105727,0.41395762380661844,0.5496765098039303
2007,Other,1.2741699449788595,0.280328845916989,1.5544987908958485,81.96660894438926,18.033391055610736,2.6262519243395444,1.0717531334436956,1.2291057168995736,1.3259942808620904,0.1645149733796545,0.4045182663921309,1.4255492274065409,1.6990536725544927
2007,Circulatory diseases,0.06802971622953118,0.08879279105511576,0.15682250728464692,43.380071781438325,56.61992821856169,0.2680831732058092,0.11126066592116227,0.057157916090846334,0.07942855628898207,0.04999776790754988,0.12729017060094455,0.11584866910917413,0.19950053805821044
2007,Maternal complications,0.6504024452422945,-0.0362024014400489,0.6142000438022456,105.89423621918613,-5.894236219186109,0.9262514427530055,0.3120513989507598,0.6136627696578382,0.6875563394719313,-0.10492680713331015,0.031066074680574256,0.5359864735297523,0.6940104878825073
2007,Placenta/cord/membranes,0.3568295189690941,-0.045231779988180155,0.3115977389809139,114.51608093695145,-14.516080936951441,0.5136923079392751,0.20209456895836114,0.3288310324590355,0.38287787777487275,-0.09900760518766256,0.010679489018797872,0.2565809557462943,0.37273220553367975
2007,Short gestation/LBW,1.8042708924599484,0.3190829425583514,2.1233538350182997,84.97269097142251,15.027309028577493,2.857413462912218,0.7340596278939182,1.743184283238307,1.8648285376911915,0.21207087506768207,0.43435605884190304,1.995322538884743,2.2570764458161157
2007,Hypoxia and birth asphyxia,0.06628978756623234,-7.171540474831583e-4,0.06557263351874919,101.093678885534,-1.0936788855340123,0.13163365390943926,0.06606102039069009,0.05474347307223634,0.07818856586565232,-0.029250614525663358,0.02701593095456294,0.03487013713602288,0.09580767375843102
2007,Respiratory distress,0.2867033757747285,-0.015357999595592938,0.27134537617913557,105.65994520041275,-5.659945200412762,0.41737500020066104,0.14602962402152547,0.2621663186590326,0.3107350201687756,-0.05984125683205785,0.03217364639738878,0.21572305285381285,0.3234213174656656
2007,Hemorrhage,0.18294320798734937,-0.08370765860690141,0.09923554938044796,184.3524917527126,-84.35249175271261,0.21831923087419194,0.11908368149374397,0.16371334451538855,0.2014545721853639,-0.11681962847032305,-0.0464353063664584,0.06311603922610426,0.13853524293748665
2007,Necrotizing enterocolitis,0.16186104398797999,0.07127186982794197,0.23313291381592194,69.42865395479203,30.571346045207974,0.3226629809243572,0.08953006710843525,0.14521265935377842,0.17961815839897538,0.03300158028101328,0.11177246087844538,0.18814882488190132,0.27908337415582546
2007,Congenital malformations,0.5396413853431297,-0.13594963643230584,0.4036917489108238,133.67659527327552,-33.67659527327554,1.619736058471027,1.2160443095602032,0.5094866904325261,0.5692300085248473,-0.2421267734745967,-0.021708360792330465,0.296964854268281,0.5121897483685093
2007,Sudden unexpected infant death,0.11649606011667005,0.8794161207909031,0.9959121809075732,11.697422960577446,88.30257703942256,1.9359778855461431,0.9400657046385702,0.10024249578752517,0.13432835792854286,0.7558769578245407,0.9879006409872214,0.8734479744024722,1.1031752266857608
2007,Unintentional injuries,0.01685846821223979,0.08633109775244495,0.10318956596468473,16.337376802233454,83.66262319776655,0.2440038462711557,0.14081428030647097,0.011098813252899728,0.022627859346733954,0.04685496549469827,0.12863731680505466,0.06277596289483567,0.1475371884871425
2007,Assault (homicide),0.0053940195282206225,0.08422280727705132,0.08961682680527194,6.018980721043903,93.9810192789561,0.15089711545716208,0.06128028865189015,0.0016573007777866003,0.00944269895633853,0.05397851974166373,0.11583604752411295,0.05928376077101289,0.12239260059228725
2008,Infection,0.33138769015726705,0.05958644454328156,0.3909741347005486,84.75949193188458,15.240508068115421,0.657469630395451,0.2664954956949025,0.3057122768454175,0.35669806453052133,0.0017604065339141457,0.12223738558483922,0.32627483579561145,0.4590641969291663
2008,Other,1.1959090940412684,0.3074719444608102,1.5033810385020787,79.54796977038066,20.452030229619332,2.5410312742310674,1.037650235728989,1.1481926349116698,1.2459850285058638,0.1929634475961153,0.4247071391198448,1.3736088958777808,1.6378854747942095
2008,Circulatory diseases,0.061160977285389065,0.09090436114718428,0.15206533843257336,40.22019607874558,59.77980392125441,0.26008012406306535,0.10801478563049205,0.05111472193489513,0.07162814114439801,0.051925965084457036,0.13192221389594289,0.11152373103041928,0.19642896555799
2008,Maternal complications,0.6190546252971241,-0.09029743178243897,0.5287571935146851,117.07729613704655,-17.07729613704653,0.8497027655724994,0.3209455720578145,0.5871724158315925,0.6552015830084829,-0.15872028918359174,-0.028152548622228657,0.45262406361602864,0.6060430455129775
2008,Placenta/cord/membranes,0.3373956114273656,-0.07110266433681962,0.266292947090546,126.70091908691934,-26.70091908691934,0.4716981132075472,0.20540516611700127,0.3118270885609583,0.36227425946378256,-0.12553607181656506,-0.016234672638737385,0.2087342691803503,0.32640134429000106
2008,Short gestation/LBW,1.6965441209055072,0.29839404759320354,1.9949381684987109,85.04244129943336,14.957558700566631,2.718725768932541,0.7237876004338298,1.638368384229179,1.7560466170135265,0.18845714254069415,0.4065081973442445,1.8633353255260996,2.1283284712610184
2008,Hypoxia and birth asphyxia,0.06784355767798922,2.285559295978894e-4,0.06807211360758711,99.66424440569682,0.3357555943031792,0.14377100025846473,0.07569888665087762,0.05640127864200018,0.07919448322501475,-0.02836509415820565,0.02838359777596904,0.035128343274100006,0.09954533076524626
2008,Respiratory distress,0.21929397439417656,-0.0042511660999116725,0.2150428082942649,101.97689294221566,-1.9768929422156591,0.32792711294908244,0.1128843046548175,0.19904259060718302,0.24017869028191963,-0.04534135700314669,0.03748788794327192,0.1702281424197414,0.26363813265038255
2008,Hemorrhage,0.17262217531387916,-0.026552465790317267,0.1460697095235619,118.17794111929427,-18.177941119294275,0.24877229258206254,0.10270258305850063,0.15343582586308913,0.19387596633905219,-0.06144638936401293,0.011556907038074004,0.10731495799818158,0.18966407333275512
2008,Necrotizing enterocolitis,0.16461186500284652,0.06566081913790557,0.23027268414075208,71.48562393194193,28.514376068058073,0.3214654949599379,0.0911928108191859,0.14763224010856815,0.18096852463871452,0.02618407337645196,0.10669660157233812,0.18440238330341366,0.2778832419468509
2008,Congenital malformations,0.4736256012456043,-0.17723931920896402,0.2963862820366403,159.8001088279292,-59.80010882792918,1.516864822951667,1.220478540915027,0.44684838201084637,0.49908964781648557,-0.27893170516998017,-0.07520421272755018,0.19640401812608932,0.39836744265942264
2008,Sudden unexpected infant death,0.12265022685427318,0.9096153367519354,1.0322655636062086,11.881654409335903,88.11834559066409,1.9481778237270613,0.9159122601208527,0.10586524616100815,0.13923073603910985,0.7916856507127394,1.0204017832469998,0.9089816390290846,1.1457474059519288
2008,Unintentional injuries,0.011791308194261335,0.062439451480397944,0.07423075967465928,15.884665933557224,84.11533406644277,0.2132333936417679,0.13900263396710863,0.006719639727136458,0.017160608567806643,0.024151757680836904,0.1014413358357713,0.03395436587094976,0.11406446993070284
2008,Assault (homicide),0.004944907177192039,0.0890435949843743,0.09398850216156633,5.261183084598729,94.73881691540127,0.15507883173946757,0.06109032957790124,6.947676877320108e-4,0.009995362985896969,0.05419668265709355,0.12415256830893628,0.06046730007533116,0.12897871689146262
2009,Infection,0.41807482835279486,0.19328284036896332,0.6113576687217581,68.38465430995838,31.615345690041625,0.8762954650471978,0.2649377963254398,0.38860189427883696,0.4474355594731584,0.13020070936526013,0.2615699219525847,0.5343702544240094,0.6924860472041374
2009,Other,1.0498565195460885,0.2224462823762448,1.2723028019223332,82.51624675822856,17.483753241771442,2.2476731137368806,0.9753703118145473,1.0057807901566365,1.0978536009284663,0.09494532822101702,0.3332058973978035,1.1420597144784719,1.3956119651999068
2009,Circulatory diseases,0.07109952725365476,0.06587329931181594,0.13697282656547072,51.90776085771317,48.09223914228682,0.2508416397121922,0.11386881314672155,0.05937230098725624,0.08229975628661092,0.02970724999075621,0.10291386343173028,0.09553517258397569,0.1766301876473076
2009,Maternal complications,0.5909433190098571,-0.0784245405327409,0.5125187784771161,115.30178870045881,-15.301788700458813,0.8119347811736748,0.29941600269655866,0.5536423725781424,0.628236546083863,-0.14658483915097165,-0.010321740267451257,0.43512373743877814,0.5876440406228176
2009,Placenta/cord/membranes,0.3316523833740151,-0.08044897260869055,0.25120341076532454,132.0254300543102,-32.0254300543102,0.452175061060136,0.20097165029481134,0.3037033643408506,0.35513451395424156,-0.13183082758508202,-0.03052203760236221,0.1978962789656789,0.3058794178249987
2009,Short gestation/LBW,1.7022473367790851,0.30371050685875783,2.005957843637843,84.85957679409786,15.140423205902124,2.711400092415341,0.7054422487774981,1.6423784081268251,1.7579060518421417,0.19555094205428064,0.4219714703360431,1.8745576033247708,2.139938707187843
2009,Hypoxia and birth asphyxia,0.06393614418996352,-0.005203434025373645,0.05873271016458987,108.8595162913337,-8.859516291333701,0.1254208198560961,0.06668810969150625,0.052975071821150466,0.07540179744851766,-0.03262700075296287,0.02340865358745924,0.029025806902281577,0.08798710366349081
2009,Respiratory distress,0.2111057222076697,-0.0014419522909322401,0.20966376991673746,100.68774509373026,-0.6877450937302492,0.3135520496402403,0.10388827972350292,0.19157084769224075,0.23124372747748584,-0.04610255577744578,0.038583220505834064,0.16200587246925693,0.2576163976268873
2009,Hemorrhage,0.1671626699784972,-0.06703500956836304,0.10012766041013417,166.94954150908958,-66.9495415090896,0.2062842431843686,0.10615658277423444,0.1492209335319346,0.18660443109230856,-0.1038295328655086,-0.03081263862914555,0.06443456738068452,0.1408463558139999
2009,Necrotizing enterocolitis,0.14919847543607911,0.025184923526055426,0.17438339896213453,85.55772873109095,14.442271268909066,0.26239355733051684,0.0880101583683824,0.13202150558018547,0.16531506930540835,-0.013573862089730536,0.06119418609727223,0.12931021391847283,0.21440517551037475
2009,Congenital malformations,0.5108914457488208,-0.13111055602004382,0.379780889728777,134.52268388587885,-34.52268388587885,1.547956960855502,1.168176071126725,0.4835533949121857,0.5372509563126592,-0.23786394275373401,-0.0174939705587056,0.27264493870057976,0.4915649098127011
2009,Sudden unexpected infant death,0.11288660132587178,0.8628862627827412,0.975772864108613,11.56894247402502,88.43105752597498,1.904416133078091,0.9286432689694781,0.09732650057186042,0.12857792437891727,0.7540102952345692,0.9772714848500528,0.8642926141091344,1.0961580266920465
2009,Unintentional injuries,0.012027640516669491,0.07391161735900355,0.08593925787567304,13.995513591785594,86.0044864082144,0.2029836952934187,0.11704443741774566,0.007120497884326752,0.017350753589977005,0.037394988917123166,0.11256871798878738,0.048762574452993986,0.12561305580702092
2009,Assault (homicide),0.0030889120561962795,0.10927440683914322,0.1123633188953395,2.749039532263583,97.25096046773642,0.16997821638391972,0.05761489748858023,-9.526231892862994e-4,0.007459809181988784,0.07755392694956827,0.1449597036956738,0.08042542048886563,0.14735602716528948
2010,Infection,0.37489673211247493,0.12943527619681322,0.5043320083092881,74.33530411231894,25.664695887681066,0.7795149608877942,0.27518295257850606,0.34706418641601333,0.4010603799971949,0.0636437814984771,0.19493839745909575,0.42928253559879614,0.5785611279743237
2010,Other,0.9495379490764624,0.1199715835752832,1.0695095326517456,88.78256061188858,11.217439388111412,2.0212805878600353,0.9517710552082898,0.9051950888361118,0.9943232589068935,0.005179500828741946,0.23143481999888602,0.9481857857306025,1.1908723828778602
2010,Circulatory diseases,0.07301162301623454,0.038601381579717514,0.11161300459595205,65.41497855070062,34.585021449299376,0.2234495839744005,0.11183657937844849,0.06203327412648009,0.08467934531126439,5.058528651092246e-4,0.07714167217115357,0.06941765236375334,0.15486207902426632
2010,Maternal complications,0.5318590769769596,-0.10516229620822867,0.42669678076873085,124.6456736839612,-24.64567368396119,0.723226134390426,0.29652935362169536,0.4997053809042898,0.5656833700125489,-0.1697963991327488,-0.037749472759430296,0.35854725981801894,0.5032826316899954
2010,Placenta/cord/membranes,0.32490993490651277,-0.02051195113804215,0.3043979837684706,106.73853055270033,-6.73853055270032,0.4946593843708103,0.19026140060233973,0.29891510220770323,0.35022763746094615,-0.07274560412491317,0.03196446417291375,0.24366823041906702,0.3644303157706245
2010,Short gestation/LBW,1.5457904538383505,0.28132038811462434,1.8271108419529747,84.60299278756813,15.397007212431879,2.5074113621554868,0.6803005202025124,1.4875419495309259,1.5993113549638915,0.17274342788114172,0.39459009411477647,1.6974551083369518,1.9596764603648815
2010,Hypoxia and birth asphyxia,0.06786268690550777,-0.019926184125509724,0.047936502779998044,141.56787201803155,-41.56787201803155,0.11940054105502318,0.07146403827502518,0.05662917732835516,0.07895072446076591,-0.049073567294317874,0.009242863291535985,0.017873229242016928,0.07862753676271189
2010,Respiratory distress,0.1961003257826105,-0.012709101665065448,0.18339122411754505,106.93004898474288,-6.930048984742868,0.2882670205471274,0.1048757964295824,0.17762424101103919,0.21521138282476956,-0.05311062628934841,0.029839135943408913,0.1385620454770924,0.231616122330281
2010,Hemorrhage,0.14178610813631295,-0.05718886600435089,0.08459724213196207,167.60133612292321,-67.60133612292321,0.18251225561267828,0.09791501348071631,0.1261606187219406,0.15790832676054772,-0.09444510052829024,-0.023495222910256783,0.04813929205114672,0.12274142760070661
2010,Necrotizing enterocolitis,0.14361238706833843,0.04050608714024228,0.1841184742085807,77.9999876088727,22.0000123911273,0.26950407838133805,0.08538560417275735,0.12827841870966472,0.15899611246224638,0.004221535502734893,0.07671252214011282,0.14056811144061354,0.22724851078132266
2010,Congenital malformations,0.48518862108015426,-0.10955476002536806,0.3756338610547862,129.16530467134578,-29.165304671345776,1.533444091549512,1.157810230494726,0.4588792417140174,0.511984334793082,-0.21444215364141522,-0.008499973243884337,0.27106893219134676,0.4796809228185662
2010,Sudden unexpected infant death,0.10118960736983693,0.7939465472017403,0.8951361545715772,11.304381668983918,88.69561833101608,1.7517765094786972,0.85664035490712,0.08610011593662016,0.11660850113509023,0.679670164688524,0.9020512102893348,0.7794547649919612,1.0035281470998996
2010,Unintentional injuries,0.005099460343804489,0.06916333045728833,0.07426279080109281,6.86677714208587,93.13322285791413,0.19445230971818062,0.12018951891708779,3.4371286680946517e-4,0.009735536724151101,0.02853126058760042,0.11009111689686185,0.03379834434939282,0.11673262743558308
2010,Assault (homicide),0.006467751774797784,0.043939498759448116,0.0504072505342459,12.830994958559968,87.16900504144004,0.11769481903995142,0.06728756850570553,0.0021532739501215403,0.010661432201674268,0.014709194440263728,0.07362261447271168,0.019859808578395616,0.07972153758797883
2011,Infection,0.35118012377086527,0.13491309507849555,0.48609321884936085,72.24542745158006,27.754572548419937,0.7236302404904797,0.23753702164111898,0.32349084115531296,0.3751924014575285,0.07216714182518581,0.1948878661488643,0.41439759436239454,0.5558638918256403
2011,Other,0.9851846622834187,0.1528714452738167,1.1380561075572353,86.56731911030772,13.432680889692291,2.074176417253141,0.9361203096959059,0.9435445780093604,1.0310465829192537,0.037675698231407165,0.2655587959292474,1.006300124125118,1.2626334068335394
2011,Circulatory diseases,0.06820500675334165,0.08452671926359911,0.15273172601694077,44.656738015110534,55.343261984889466,0.2556020897197876,0.10287036370284679,0.05678454677432509,0.07971033838862641,0.04404067016630025,0.12392228757171785,0.10868786798220108,0.193171258035628
2011,Maternal complications,0.5785337052215288,-0.011473908251088133,0.5670597969704406,102.02340358325318,-2.0234035832531854,0.8410690384698415,0.27400924149940104,0.5431074723384285,0.6131041640040974,-0.07743324721035162,0.053621462465008256,0.49047354231050766,0.645274931771685
2011,Placenta/cord/membranes,0.3416864582832221,-0.04885509734916066,0.2928313609340614,116.68369712633397,-16.683697126333968,0.48875264453175593,0.1959212835976946,0.3153847554813066,0.3685894568942492,-0.1005826132917424,0.005372675719617387,0.2342868472761029,0.3536748837794266
2011,Short gestation/LBW,1.6131898336730963,0.17559611690694193,1.7887859505800383,90.18350312679935,9.816496873200647,2.481758127887397,0.6929721773073589,1.5536765059634203,1.6717929494353636,0.061930968882789525,0.28025011892449725,1.6583384680111841,1.910447769126115
2011,Hypoxia and birth asphyxia,0.06285437125564007,-0.01648964274369964,0.04636472851194043,135.56505833837252,-35.565058338372495,0.11743879797936185,0.07107406946742142,0.051496365538218444,0.07458097755158073,-0.04720078626310135,0.013040204953273805,0.01628386014622548,0.0776100712975404
2011,Respiratory distress,0.1915810556983899,-0.07756088042200286,0.11402017527638704,168.02382142808835,-68.02382142808835,0.2262423902249471,0.11222221494856015,0.17150744855846137,0.21263674572833893,-0.11703109962195435,-0.03940152053822777,0.07105193653745957,0.15476069841008763
2011,Hemorrhage,0.14473064949251865,-0.06298854485005699,0.08174210464246166,177.05764994132173,-77.05764994132171,0.18133932040930875,0.09959721576684713,0.1277215105821182,0.16201821164854124,-0.09818820143897015,-0.029535726757154622,0.04604013868006506,0.1193439395226271
2011,Necrotizing enterocolitis,0.1296526749310333,0.044980691003086624,0.17463336593411993,74.24278529908453,25.757214700915455,0.24523984283925565,0.07060647690513575,0.11386754682085372,0.14646759191780315,0.009053166283273179,0.08006506365156198,0.12944269778232875,0.2167782951824688
2011,Congenital malformations,0.4800115111985005,-0.0667060549430029,0.4133054562554976,116.13965021109387,-16.13965021109387,1.5612451966668106,1.1479397404113132,0.4516428848587926,0.5065819027107442,-0.16558168912059631,0.04578974360423214,0.30877969225544977,0.5291591983438821
2011,Sudden unexpected infant death,0.1007195898615217,0.6803087385442356,0.7810283284057573,12.895766542439185,87.10423345756081,1.6096023487759596,0.8285740203702023,0.08562155864578792,0.11493801454775515,0.5680588032507811,0.7880447425319702,0.6711204510438822,0.8907581663412676
2011,Unintentional injuries,0.012768595569579818,0.09006696346707475,0.10283555903665458,12.416517874939151,87.58348212506084,0.23142351366521308,0.1285879546285585,0.006478737044237059,0.018676673388723315,0.04803625009669107,0.13162217811807475,0.06038044740368116,0.14440196022010313
2011,Assault (homicide),0.009226368027900642,0.08239620709659294,0.09162257512449358,10.069972400758408,89.9300275992416,0.14679849747420234,0.055175922349708736,0.004568809743456928,0.014519640793996109,0.05114036852015341,0.11480445601670297,0.05994178154141571,0.12581321915863522
2012,Infection,0.3470481181543764,0.12210399997481021,0.4691521181291866,73.97347358001538,26.02652641998462,0.7207169927135166,0.2515648745843302,0.32111254801462424,0.3735472809174515,0.05817895688592293,0.1886064370007743,0.3953129429831463,0.5451808025844973
2012,Other,0.9217296094554727,0.06173731966313222,0.9834669291186049,93.7224813732718,6.277518626728197,1.901796275031122,0.9183293459125175,0.8820749523685943,0.9672991673987065,-0.049624058623576515,0.16968697641411276,0.8654263299596873,1.0959394250565686
2012,Circulatory diseases,0.0676937670102495,0.06131288546744028,0.12900665247768978,52.47308236445897,47.52691763554103,0.23104324646796948,0.10203659399027971,0.056090285222742314,0.07949729391486506,0.020986267010751035,0.09883793053818993,0.08618403293182009,0.16960766873433353
2012,Maternal complications,0.5385744398824005,-0.05233570353720399,0.48623873634519654,110.76337601783524,-10.763376017835235,0.7655462793416302,0.2793075429964339,0.5057919874944851,0.5743275879045473,-0.12064852441883038,0.017346112595264977,0.41241204222514233,0.5635290065068862
2012,Placenta/cord/membranes,0.32047412614530024,-0.02327510354083847,0.2971990226044618,107.83148724274743,-7.831487242747428,0.4862253395818462,0.18902631697738453,0.29139556262451366,0.3459506165295857,-0.07871900879068842,0.03451147646832656,0.23418287305954621,0.36193887930480756
2012,Short gestation/LBW,1.62426105657274,0.17113980704013632,1.7954008636128762,90.46787764734877,9.532122352651237,2.524233677829159,0.7288328142162837,1.5672849543631544,1.6849058716671217,0.059949897270269586,0.27951642772850493,1.6717247887447255,1.9316126911452678
2012,Hypoxia and birth asphyxia,0.05961055735924976,-0.00380570724269496,0.055804850116554804,106.81967111236087,-6.8196711123608535,0.12586684322508784,0.07006199310853307,0.04890114921091673,0.07035686808942054,-0.031290922067913125,0.025067582382126523,0.02695921423555193,0.08574708720679258
2012,Respiratory distress,0.19557276710519658,-0.025655201293733314,0.16991756581146328,115.09861630327245,-15.098616303272463,0.2775967364279335,0.10767917061647031,0.1767902004736496,0.21644722065096644,-0.06571251542586416,0.017461540532832377,0.12414809783386155,0.21991922054912336
2012,Hemorrhage,0.12234687889908762,-0.07735622305143418,0.04499065584765344,271.93842053197994,-171.93842053197992,0.14138467321174253,0.09639401736408915,0.10797800541776639,0.13887633994957457,-0.10952242448712868,-0.04420703422177092,0.013480635285311819,0.08026559729577314
2012,Necrotizing enterocolitis,0.10546219486435644,0.010376212691663621,0.11583840755602007,91.04251093347806,8.95748906652194,0.18448975650800548,0.06865134895198544,0.09166624040534421,0.11902677157947257,-0.020601323559908846,0.04414577030425981,0.08102903878014614,0.15580815338966975
2012,Congenital malformations,0.44592103092508467,-0.12422370618052832,0.32169732474455637,138.61508835336699,-38.61508835336697,1.469021238736642,1.1473239139920854,0.418942170234245,0.47297913409819836,-0.22995828120860734,-0.02028642605591889,0.21178433310256783,0.42866454093632206
2012,Sudden unexpected infant death,0.10719136417499718,0.8157670791092992,0.9229584432842964,11.613888464312938,88.38611153568706,1.7448937718327246,0.8219353285484283,0.09224763409246083,0.1232749143794998,0.6997319286976413,0.9271178392736732,0.8028690270994477,1.0391375422313707
2012,Unintentional injuries,0.009724550929555334,0.08526824962997327,0.0949928005595286,10.237145207084724,89.76285479291528,0.1965591798309591,0.1015663792714305,0.004603299105655452,0.0146518884329187,0.05040316592985417,0.12185713620254729,0.05972081415818306,0.13058985961814326
2012,Assault (homicide),0.005949251062981876,0.07979367786921707,0.08574292893219894,6.938474270789414,93.06152572921059,0.14828148653914458,0.06253855760694563,0.0015576425213804992,0.010173472231613273,0.04929722475030731,0.11303386746941173,0.055479299889480985,0.11740522348410412
2013,Infection,0.3212599334256282,0.12836523749074688,0.4496251709163751,71.45061135498099,28.549388645019004,0.6904543396174435,0.24082916870106832,0.29549495549563715,0.3466834431067135,0.06810128531623079,0.18777875272824102,0.38059191508497897,0.5189524181601094
2013,Other,0.9593934011905322,0.09312044368930159,1.0525138448798337,91.15256828759975,8.84743171240025,2.005933430559406,0.9534195856795719,0.9155435283131812,1.0046890142051033,-0.013253588853441528,0.20031131289973814,0.9396503627839857,1.1751133011791424
2013,Circulatory diseases,0.06595808610051844,0.047635520323267844,0.11359360642378628,58.06496349314511,41.93503650685489,0.2135070775874389,0.09991347116365261,0.05406846535881397,0.07732069464395339,0.008334938032788394,0.0841257334487597,0.07286688298589893,0.15340006149478386
2013,Maternal complications,0.5617632515991912,-0.021193917720592183,0.540569333878599,103.92066593354923,-3.9206659335492224,0.824757178745026,0.284187844866427,0.5279869147245939,0.5956968118614534,-0.084066032504518,0.04456438094273959,0.46684140679970004,0.6147845915168922
2013,Placenta/cord/membranes,0.3217914160913608,-0.056233929597496415,0.2655574864938644,121.17580277624585,-21.175802776245842,0.4597289493213402,0.19417146282747583,0.2959658636122307,0.34866197899096085,-0.10610310174214568,0.001352642783880471,0.2086955798833896,0.3296629185040483
2013,Short gestation/LBW,1.6273721814527784,0.18344409757578387,1.8108162790285622,89.86953565083947,10.130464349160535,2.5276483056319377,0.7168320266033755,1.571610036051289,1.686616536217191,0.07229191078413331,0.29895024920200225,1.6815289647178524,1.9476994109792214
2013,Hypoxia and birth asphyxia,0.06570661669523323,-0.024663102128102833,0.041043514567130394,160.0901321151825,-60.09013211518251,0.11880635768978455,0.07776284312265415,0.05501878345459199,0.07710624507589665,-0.05213298003699131,0.005159160076846343,0.012548485889014381,0.07390387633353741
2013,Respiratory distress,0.19190267940774353,-0.059569649024658285,0.13233303038308525,145.01495118203871,-45.014951182038715,0.24450004046303486,0.11216701007994963,0.17156830221937022,0.21021146825664247,-0.09848702979379448,-0.01762309904123949,0.09284553340201004,0.1760148328551438
2013,Hemorrhage,0.12463982197180584,-0.03759684877851154,0.08704297319329429,143.19343354117868,-43.19343354117868,0.17046129581577782,0.08341832262248354,0.109486516068936,0.14147560025670564,-0.06931684932099612,-0.005283321329907068,0.05229791898683357,0.12309905727481739
2013,Necrotizing enterocolitis,0.1155119099503934,0.03168791634754918,0.1471998262979426,78.47285751315313,21.527142486846863,0.2169507401291718,0.06975091383122918,0.10075471253761156,0.13116934345630485,-0.002818102471547197,0.06553349454334408,0.10849566388515577,0.18761482328758258
2013,Congenital malformations,0.4384766828545823,-0.1763031232935996,0.2621735595609827,167.24672144240034,-67.24672144240034,1.3946833294018186,1.132509769840836,0.41087213227929703,0.46698795181437003,-0.27921975423720874,-0.07541474138926002,0.1568975287075639,0.36529379641425447
2013,Sudden unexpected infant death,0.09819095947986187,0.7719121153282609,0.8701030748081228,11.284980173356493,88.7150198266435,1.7080566206995111,0.8379535458913884,0.08286712787494051,0.1142667706467877,0.6592190887301713,0.8823048707278682,0.7568114397462801,0.9839534023609431
2013,Unintentional injuries,0.012338769304153644,0.06031363093039089,0.07265240023454453,16.983292037593063,83.01670796240694,0.1532429831071134,0.08059058287256886,0.007374485005476943,0.018033993782686233,0.026318388682710605,0.09505748254455436,0.03770945627374462,0.1080935222172511
2013,Assault (homicide),0.007185205337357992,0.08386619900054307,0.09105140433790106,7.8913723402804,92.1086276597196,0.14807748929451406,0.05702608495661304,0.002623190823012654,0.011674391401841287,0.05104583535936278,0.11753933028476846,0.05813320913681476,0.12598979769141794
2014,Infection,0.31914888195128766,0.10872991518289425,0.4278787971341819,74.58861810607624,25.41138189392375,0.6687316512160261,0.24085285408184395,0.294374248986359,0.3463361967601985,0.04868613591965975,0.16756350181785387,0.35350936797173266,0.4940193518802999
2014,Other,0.9257409659095875,0.054803708873307676,0.9805446747828952,94.41089118295993,5.58910881704007,1.9180105600811297,0.937465885298234,0.8837086016934843,0.9728636263210567,-0.0600196084129423,0.15818762438238282,0.8531558670907771,1.0960792715395955
2014,Circulatory diseases,0.056961619207056724,0.08407880288407943,0.14104042209113615,40.38673336516946,59.613266634830545,0.2296468582472617,0.08860643615612553,0.04578103073819426,0.06748494478024147,0.043532662027757685,0.12788555356583067,0.09902074319843164,0.18516876935598156
2014,Maternal complications,0.5807506124544707,0.028673684375541696,0.6094242968300124,95.29495549739467,4.705044502605332,0.8928669848653534,0.28344268803534073,0.5424350118907632,0.6173275979460149,-0.04434982765190781,0.09632117476212339,0.5294480307326463,0.6865807220655836
2014,Placenta/cord/membranes,0.3194687675658386,-0.008235082366397212,0.3112336851994414,102.64594828838018,-2.6459482883801915,0.4923628640821291,0.18112917888268754,0.2932653083910398,0.3441672280434113,-0.0616987135784979,0.04880966675478882,0.24936527481043455,0.3767590040663537
2014,Short gestation/LBW,1.6172940911120957,0.2102614143948612,1.8275555055069568,88.49493688365239,11.505063116347621,2.540812839647703,0.7132573341407452,1.5590396241213635,1.6772554813411005,0.0949001746774747,0.3277828641945057,1.685399512016181,1.9708386335878034
2014,Hypoxia and birth asphyxia,0.06435679160784703,-0.006737607578541839,0.057619184029305194,111.69334084133347,-11.693340841333475,0.12860224061846653,0.07098305658916133,0.053603351473140964,0.07625537591210534,-0.03795553754901518,0.02152912651742798,0.025641158738214372,0.09106596490041827
2014,Respiratory distress,0.18274179052913928,-0.025403126838336648,0.15733866369080263,116.14550819387797,-16.145508193877976,0.25720448123693307,0.09986581754613043,0.16354000882910574,0.20252168800064455,-0.06343984887350126,0.012686733723530724,0.11189524100944714,0.20229571312744304
2014,Hemorrhage,0.14438833689059755,-0.05294601153652592,0.09144232535407162,157.90098986603297,-57.90098986603298,0.18739183632976553,0.09594951097569394,0.1279334870722979,0.16324535061194598,-0.08830574718682951,-0.015660976812409393,0.05579543435925991,0.13112319321756935
2014,Necrotizing enterocolitis,0.12699426526724786,0.03325912977400626,0.16025339504125413,79.24591253405623,20.75408746594376,0.2278096833812836,0.0675562883400294,0.11172867763827668,0.14255971482241186,5.141356063390701e-4,0.06712940800858146,0.1213976399963437,0.2010497215012234
2014,Congenital malformations,0.44964806922609607,-0.09030769222594957,0.3593403770001465,125.13151819449246,-25.131518194492447,1.4642283681845405,1.1048879911843938,0.42198787191518133,0.47613548208287326,-0.2011200894881649,0.02878511302066116,0.2405073073077861,0.4826704496752961
2014,Sudden unexpected infant death,0.10891138177493548,0.7787223526899747,0.8876337344649101,12.26985608434432,87.73014391565569,1.7306187237513642,0.8429849892864538,0.09291182229966564,0.12621540128324057,0.6593839625756004,0.8941086364672354,0.7659654203761326,1.007699311206818
2014,Unintentional injuries,0.012360841744658924,0.03987904539464008,0.052239887139299,23.661693050175284,76.33830694982471,0.1359509400823789,0.0837110529430799,0.0069933999065821695,0.017975630398382417,0.010171540892556143,0.07261321175173122,0.021134376865146923,0.08691016105925588
2014,Assault (homicide),0.006564015501389342,0.0383102982409654,0.04487431374235474,14.627556287716281,85.37244371228373,0.10655614222672942,0.06168182848437467,0.0023861737126463483,0.010856039144015976,0.009261925138989576,0.06790089406037403,0.016092632811112922,0.07505026609875476
2015,Infection,0.37716394520371344,0.11990278012029346,0.49706672532400686,75.87793066571973,24.12206933428028,0.7362877709294774,0.23922104560547042,0.34639704915998,0.40911290762162555,0.05739085702559052,0.18236401457604126,0.4211580021561771,0.5703443155392703
2015,Other,0.994848730434513,0.1145661004688302,1.1094148309033431,89.67328565676877,10.326714343231245,2.055093139498492,0.9456783085951488,0.9499942610352305,1.0432678799232082,0.006225173327298654,0.2284034591115778,0.9794215729414941,1.2368892255336978
2015,Circulatory diseases,0.05626187121242991,0.06609868420085847,0.12236055541328839,45.98039868517944,54.01960131482056,0.2134691817436814,0.091108626330393,0.04479322339891889,0.0682451999746163,0.028951505678649278,0.1056939930837345,0.08171789376427048,0.16737943858325474
2015,Maternal complications,0.5464302770330548,-0.0495115054840961,0.4969187715489587,109.96370198086147,-9.963701980861474,0.7634236838629962,0.2665049123140373,0.5128683471224963,0.5794216932479734,-0.11596294021350059,0.017728303452275662,0.41891005857811686,0.5785377454920992
2015,Placenta/cord/membranes,0.2867773375186505,-0.053813080542787974,0.2329642569758625,123.09928623443878,-23.09928623443877,0.4088477548650169,0.17588349788915442,0.26165401100147634,0.3148190739296833,-0.10526615732421069,-0.004522039176828241,0.17562189682703258,0.29178382572016515
2015,Short gestation/LBW,1.6162736994210316,0.16279112606267115,1.7790648254837027,90.8496237050603,9.150376294939704,2.4494684074656323,0.6704035819819293,1.5560862139236478,1.675511960556614,0.05058492975392934,0.2740495544207954,1.653997276951512,1.9130207563478203
2015,Hypoxia and birth asphyxia,0.06602076433039164,0.02441186124323235,0.090432625573624,73.00547110250835,26.994528897491648,0.15377017328994,0.063337547716316,0.05421704380004774,0.0786180510808391,-0.0035427817929456805,0.05552985242342711,0.05870067243562059,0.12592248719590243
2015,Respiratory distress,0.17974566846703086,0.029453891841138755,0.2091995603081696,85.92067220516594,14.079327794834054,0.2876406770952995,0.07844111678712981,0.15968609268158174,0.2008200251024629,-0.006873770684705367,0.07031602450609978,0.16346665721116677,0.2581966573968826
2015,Hemorrhage,0.13120930530926025,-0.048228728585715065,0.0829805767235452,158.12050300203623,-58.12050300203623,0.1682426601878167,0.08526208346427153,0.11354066113897678,0.1484852966567847,-0.08330068509595497,-0.01426428403619136,0.04888449919170466,0.12013621777925718
2015,Necrotizing enterocolitis,0.12227518463611341,0.020340632422701812,0.1426158170588152,85.73746387869919,14.262536121300817,0.20985106001921222,0.06723524296039697,0.10653671455041196,0.13790631035134338,-0.011934331795386489,0.05558164462906929,0.10391971790255959,0.1840461300592354
2015,Congenital malformations,0.47869395365929607,-0.10972939642210444,0.3689645572371916,129.7398203349825,-29.739820334982497,1.4924752113435351,1.1235106541063438,0.45034534795736797,0.5085791771327531,-0.21722171331641713,6.696277335984891e-4,0.2638817989852689,0.48307318310167413
2015,Sudden unexpected infant death,0.10423477203680673,0.9456494217259487,1.0498841937627554,9.928216145747678,90.07178385425232,1.9049410879330213,0.8550568941702659,0.08766058815004145,0.12271623626469122,0.8267556871166063,1.0542124389193805,0.9292063031265765,1.1645604015820148
2015,Unintentional injuries,0.010380579251679657,0.03989303168421592,0.05027361093589558,20.648167216228103,79.3518327837719,0.15015205156547082,0.09987844062957522,0.005546630620563488,0.015571822008367726,0.006892286149299742,0.07498439066322408,0.01680044856175002,0.08534989207702975
2015,Assault (homicide),0.005920824907383305,0.06969188862265976,0.07561271353004306,7.830462141833852,92.16953785816617,0.1374886255298287,0.06187591199978563,0.0018743720804638663,0.010183297440861931,0.03605543406642638,0.10281101428665203,0.04095748895897896,0.10956561172077306
2016,Infection,0.3702983730723821,0.11624837006970978,0.4865467431420919,76.10746105934565,23.892538940654344,0.7379980812049888,0.251451338062897,0.343391034062111,0.39696198444904923,0.050086888676447824,0.18624140637080872,0.4156381742196354,0.564511578490558
2016,Other,1.0401349022849797,0.03379740468003055,1.0739323069650102,96.85292969949441,3.1470703005056078,2.035794706933762,0.9618623999687517,0.9935642336306815,1.0881241647040327,-0.0859568195921924,0.14187066243184213,0.9569797084608503,1.1975632345956937
2016,Circulatory diseases,0.0632808147557947,0.039720326642891886,0.10300114139868657,61.43700341227638,38.56299658772362,0.2069994618013993,0.10399832040271274,0.051958249224617024,0.07541997012192818,0.0018301521564548914,0.08026169830109632,0.06556492108634628,0.1451092553382074
2016,Maternal complications,0.5232660508832326,0.023234275583003353,0.546500326466236,95.7485339975476,4.251466002452391,0.7793979735652687,0.23289764709903277,0.4915480272619401,0.5577013624568027,-0.045541564756276534,0.09144601911843359,0.4693889082049773,0.6229936530509689
2016,Placenta/cord/membranes,0.27417872577664615,-0.03439218280969755,0.2397865429669486,114.3428327478903,-14.342832747890302,0.40139895636271344,0.16161241339576488,0.2497887003602209,0.30017193436517076,-0.08383004673099322,0.017435932353514424,0.18651477569943956,0.29784856365419027
2016,Short gestation/LBW,1.5718551788255948,0.25440760363903075,1.8262627824646256,86.0694963462106,13.930503653789405,2.444393644576524,0.6181308621118983,1.5128426522508898,1.6276983962218396,0.14119370789054952,0.36114148169097315,1.695834371120756,1.9505447037960388
2016,Hypoxia and birth asphyxia,0.07255078639477978,-0.010271955492206436,0.06227883090257335,116.49349440787591,-16.49349440787592,0.1403996349609491,0.07812080405837576,0.059104659310806676,0.08524167714430611,-0.04365562431069715,0.022846265649307227,0.03073158109265997,0.0993551954265346
2016,Respiratory distress,0.192764439794016,-0.00818059055001617,0.18458384924399984,104.43191025841179,-4.431910258411783,0.2753992839618617,0.09081543471786184,0.17084479061410107,0.21469937158255392,-0.04628464324419978,0.02835861101839363,0.13729571589831863,0.22647891835169134
2016,Hemorrhage,0.13849187375078695,-0.0589782135553281,0.07951366019545886,174.17368715054627,-74.17368715054627,0.16739956476113163,0.08788590456567275,0.12228676498074487,0.15693689378685846,-0.09377418484137813,-0.0258554944093714,0.042372012587404494,0.11801484015303225
2016,Necrotizing enterocolitis,0.11343064499546988,0.028266487507463793,0.14169713250293367,80.05147527817576,19.948524721824253,0.19979948052135066,0.05810234801841698,0.09746969331669494,0.12932952439972814,-0.0028762438596857064,0.06016863174409273,0.10392568194667574,0.18014669478609918
2016,Congenital malformations,0.47846589984096366,-0.05846287732372311,0.42000302251724053,113.91963252391197,-13.919632523911964,1.5551959564905131,1.135192933973273,0.44955398919945905,0.5062049975451254,-0.17008698789924448,0.05354984892452756,0.3027746017177827,0.537382652995278
2016,Sudden unexpected infant death,0.11367456424848849,0.9289574859317589,1.0426320501802473,10.902653935186123,89.09734606481389,1.8755951234526789,0.8329630732724317,0.09642003055111191,0.1310701189000194,0.8093829279102823,1.0475299152646596,0.9241960404673597,1.1696320939004798
2016,Unintentional injuries,0.006358388195265814,0.05582577928790665,0.062184167483172466,10.225091775951563,89.77490822404843,0.15299960220103428,0.09081543471786184,0.001353033099150458,0.011681636851367905,0.01953209687988757,0.09413991061222135,0.0268303088194961,0.10129890560058591
2016,Assault (homicide),0.00903588408452032,0.07262012305119973,0.08165600713572005,11.065792219673222,88.93420778032677,0.14219963028096128,0.06054362314524123,0.004424665539098239,0.013945419800098294,0.044338468552512215,0.10564337996547814,0.05284843077645301,0.11534230812909942
2017,Infection,0.34396399230601155,0.06725657008736267,0.41122056239337423,83.64464809446349,16.35535190553651,0.6434279835612216,0.23220742116784718,0.31654570938416676,0.3718030999181019,0.002966800607612139,0.13253431134737903,0.34136536798850825,0.4827762196400941
2017,Other,0.9634886529073147,0.11702442963009149,1.080513082537406,89.16954995535279,10.830450044647215,1.9750909133272039,0.8945778307897974,0.9163398352367093,1.0102055982561549,0.006912492659622811,0.2373983200780706,0.9601718738931004,1.2167330172537307
2017,Circulatory diseases,0.0600230137821288,0.08409879843050963,0.14412181221263842,41.64741815317336,58.352581846826645,0.2347884842521449,0.09066667203950649,0.0492104786254543,0.07129825388743853,0.04401592245734986,0.12595377159005777,0.10037942214090304,0.18697349599088406
2017,Maternal complications,0.5199534983825875,0.05575825748070074,0.5757117558632883,90.31490031029671,9.685099689703298,0.7993562135607376,0.22364445769744934,0.48631197631661904,0.556777570358139,-0.012196951614837831,0.12322162423130291,0.4952714929685247,0.6504572940892841
2017,Placenta/cord/membranes,0.2807703730004751,-0.07816967487046733,0.20260069813000775,138.58312216688725,-38.58312216688724,0.3763784862057285,0.17377778807572078,0.2551321094325653,0.3045722807211608,-0.12781041740093668,-0.028375598807756655,0.14882854499591402,0.25759727052325326
2017,Short gestation/LBW,1.5173258408452706,0.19189732425185554,1.7092231650971261,88.77283387152367,11.227166128476327,2.319208386429584,0.6099852213324575,1.4553397530870913,1.5726918824721638,0.08515643271367615,0.30395723961649596,1.5835314722172393,1.8505849755344856
2017,Hypoxia and birth asphyxia,0.07245186232459669,0.004500156182370459,0.07695201850696715,94.15199721893842,5.848002781061578,0.14696683747080824,0.07001481896384112,0.0607756155607542,0.08576792144150559,-0.02897038284706143,0.035023256651451534,0.04148818721831063,0.11145478028874223
2017,Respiratory distress,0.17397347467719507,-0.03142140454182851,0.14255207013536655,122.0420541855274,-22.042054185527395,0.23120392724066177,0.08865185710529525,0.15414718037964878,0.19375875755589916,-0.0701262020064799,0.0055568881953484235,0.10158564662171606,0.1841623835196638
2017,Hemorrhage,0.12971456531228318,-0.08237579240968923,0.047338772902593945,274.0133665466758,-174.0133665466758,0.13800544494210043,0.09066667203950649,0.1124558352448169,0.1474845737105355,-0.11573599610920814,-0.04931327822533595,0.01626105989619174,0.07971355563572735
2017,Necrotizing enterocolitis,0.103803431752675,0.013691396022955016,0.11749482777563001,88.34723512331935,11.652764876680633,0.17743557206841487,0.05994074429278485,0.08863264382183035,0.11865155433559893,-0.015552973269258813,0.049601464151268045,0.08226992347062881,0.1541979581709648
2017,Congenital malformations,0.4837710779484011,-0.09075210534913516,0.3930189725992659,123.09102401569525,-23.091024015695236,1.4553301466621502,1.0623111740628843,0.45582279392899533,0.514102003143818,-0.19999907892016408,0.016033246211903475,0.2817378523944851,0.5068713730993069
2017,Sudden unexpected infant death,0.11917899046487662,0.9417003290286474,1.060879319493524,11.233981874750281,88.76601812524973,1.9141534441319905,0.8532741246384666,0.1005415710018494,0.1374927994489,0.822974754820663,1.058672474889563,0.9428782945358013,1.1763586271755349
2017,Unintentional injuries,0.008020825779335765,0.06872064337714572,0.07674146915648147,10.451749057580216,89.5482509424198,0.16488962252822392,0.08814815337174242,0.0032653566982155362,0.01322968379587617,0.033137805886679514,0.106431573030399,0.041735303318103156,0.11498829618584996
2017,Assault (homicide),0.011128350302084134,0.11712014850799526,0.1282484988100794,8.677177826902973,91.32282217309702,0.18818924310286425,0.05994074429278485,0.005724184242676016,0.01665966576877259,0.07840482795397453,0.15483024670299592,0.08842490052081195,0.16712478628076996
2018,Infection,0.3347909755186004,0.05001327387584045,0.3848042493944408,87.0029309825592,12.99706901744079,0.6243413017243105,0.2395370523298697,0.3076879483167681,0.362944620095748,-0.012081542037757617,0.11034811066008199,0.3159993027303505,0.45404263799775674
2018,Other,1.0004396593352323,-0.03393979476552185,0.9664998645697104,103.51161919516998,-3.511619195169984,1.8784846162667304,0.91198475169702,0.9518680544766671,1.0514947993315873,-0.15258748556501214,0.071279714843164907,0.8388657053268165,1.0881648152742798
2018,Circulatory diseases,0.05829783523217824,0.04311475725455632,0.10141259248673457,57.4857952081286,42.51420479187139,0.19476536234548464,0.09335276985875009,0.047687653286507245,0.07050897448516104,0.005805011565000668,0.07993900959298317,0.06199757110504225,0.1397215927430727
2018,Maternal complications,0.5072453701287929,0.0075716485287865,0.5148170186575793,98.52925442353673,1.4707455764632826,0.7353757606315494,0.22055874197396996,0.47261681956974094,0.5386806782720303,-0.05913060919717682,0.07467528444875532,0.43718405599705984,0.5938560072978345
2018,Placenta/cord/membranes,0.23439800015120543,-0.07086053219655145,0.163537467954654,143.32984549828043,-43.329845498280434,0.3112605323465222,0.14772306439186825,0.21024184586432518,0.2589501465463845,-0.11639645209488851,-0.024263105096342177,0.11499567529500454,0.2131608849471648
2018,Short gestation/LBW,1.553751725984784,0.22689339599121836,1.7806451219760022,87.25779813220548,12.742201867794531,2.3735890887711397,0.5929439667951378,1.4944401135205605,1.6182589128022193,0.11516038452678662,0.3359311856490875,1.6484614467692666,1.915564439121875
2018,Hypoxia and birth asphyxia,0.08482962584520717,0.015157248714743334,0.0999868745599505,84.84076156850439,15.15923843149562,0.16564156984522524,0.06565469528527478,0.07107992943883597,0.099244452177156,-0.01610611426399968,0.04682501793331912,0.06595699523631171,0.13685830829663087
2018,Respiratory distress,0.16435294980547444,-0.02981311219138866,0.13453983761408578,122.15931929166186,-22.15931929166187,0.21660820672067918,0.08206836910659347,0.14417652986281004,0.18405655548546188,-0.06644792724770576,0.00714915263755254,0.0924800734300103,0.17686948329885882
2018,Hemorrhage,0.13661598219507903,-0.07506711511392143,0.0615488670811576,221.96343925378645,-121.96343925378648,0.14925943656382934,0.08771056948267178,0.11893972454597027,0.15416293145450458,-0.10927340557247037,-0.03649928753811216,0.026727104485791034,0.09987522775222563
2018,Necrotizing enterocolitis,0.10363259131563154,0.02196910805020662,0.12560169936583818,82.5089085887146,17.491091411285392,0.18202370312662114,0.05642200376078302,0.08756386236551311,0.1190173711597387,-0.010412133472252437,0.057714644299064,0.08919570916766094,0.16589495815132524
2018,Congenital malformations,0.5261631773021829,-0.06024400424519488,0.465919173056988,112.93014061858027,-12.930140618580266,1.5635836098576759,1.0976644368006878,0.4962703534028899,0.5572444111927862,-0.16419012912307646,0.060054116598102864,0.357238759764114,0.5908751707119818
2018,Sudden unexpected infant death,0.11795353416242729,0.9435194056408233,1.0614729398032505,11.112250698005601,88.8877493019944,1.8657429570478667,0.804270017244616,0.10037858256833726,0.13576658102158098,0.8275996136975383,1.0642653756122187,0.9395316998929625,1.180717062220998
2018,Unintentional injuries,0.00818717644872346,0.06002974562234482,0.06821692207106828,12.001679642177455,87.99832035782255,0.14925943656382934,0.08104251449276106,0.0032233914381549164,0.014012750555459075,0.026488838467199346,0.094882184613442,0.03520836012920495,0.10316690337539158
2018,Assault (homicide),0.00548086336278171,0.07181880149042148,0.07729966485320319,7.090410253641082,92.90958974635892,0.13833801437623205,0.0610383495230289,7.164601648572663e-4,0.010429788159885597,0.039988594473876746,0.104650775697426,0.045791936587144345,0.11070961466392487
2019,Infection,0.3680924087671586,0.1155543624102109,0.4836467711773695,76.10769485157314,23.892305148426853,0.7262030947988455,0.24255632362147592,0.3414622888175016,0.3983565933252531,0.04476161026023024,0.1800424292319157,0.4076499879206911,0.5560017638460913
2019,Other,0.967557598025028,0.04144981863765963,1.0090074166626877,95.89202041995333,4.1079795800466705,1.9016985083495017,0.8926910916868143,0.919189201808656,1.0150005817901335,-0.07153634456025049,0.1580475168591009,0.8814143907403806,1.1342800579437242
2019,Circulatory diseases,0.052929139565441624,0.04584916800623176,0.09877830757167338,53.58376840688055,46.41623159311944,0.1852184660976853,0.08644015852601195,0.04100862356931566,0.0633818067996255,0.010907110236079928,0.083324945286068,0.06262025722343156,0.13706066156567828
2019,Maternal complications,0.45166295440356524,-0.01229604052970775,0.4393669138738575,102.79858135454367,-2.798581354543676,0.6436800158444311,0.20431310197057367,0.4197233089304731,0.4852513241148024,-0.07025043765558178,0.04564090988908386,0.3749232147774912,0.5090601187048552
2019,Placenta/cord/membranes,0.2615076589361606,-0.04325859495764997,0.21824906397851065,119.82074707175346,-19.820747071753452,0.3649353935984097,0.14668632961989905,0.23669359612789176,0.28591952844600144,-0.09169159187697282,0.002610812621885104,0.1648058380583682,0.27015542961239486
2019,Short gestation/LBW,1.477833697463424,0.2523494785044765,1.7301831759679005,85.41486924566199,14.585130754338016,2.2813046715398073,0.5511214955719065,1.415585465634224,1.537889902058587,0.14451058308750492,0.35359632189576673,1.5938944005610374,1.852355408593323
2019,Hypoxia and birth asphyxia,0.09142056783997327,0.005260618264700661,0.09668118610467392,94.55879837985734,5.441201620142663,0.17421538890376342,0.0775342027990895,0.07520586087445714,0.10632636258953496,-0.027892073044268977,0.04132585797588078,0.05842503945203805,0.1370383252568164
2019,Respiratory distress,0.16990311133878092,-0.07557698039435401,0.0943261309444269,180.12305777587855,-80.12305777587854,0.19072000469464628,0.09639387375021938,0.14990537034559417,0.19107829953449532,-0.11279353749405789,-0.03937490785951261,0.05712479305856827,0.1328499714089958
2019,Hemorrhage,0.13554755428707513,-0.049607238423263575,0.08594031586381155,157.7228951565357,-57.722895156535714,0.1650461579088285,0.07910584204501699,0.11752229518566101,0.15372869670798697,-0.08168405181585851,-0.01389902651038995,0.055021129771679264,0.12654555007609206
2019,Necrotizing enterocolitis,0.12253972572258867,0.03413236857010725,0.1566720942926959,78.2141365223976,21.785863477602412,0.220061543878438,0.0633894495857421,0.10581669804172439,0.1405436717325525,2.697774362049005e-4,0.06924658081265753,0.11554191201681986,0.2004402858722478
2019,Congenital malformations,0.4849408673650425,-0.12483196604910433,0.36010890131593815,134.66505981744234,-34.665059817442334,1.3973908036280813,1.0372819023121433,0.4570958196018935,0.5146834660329715,-0.22671516944688008,-0.019371704395026692,0.2495302056244874,0.464654555173006
2019,Sudden unexpected infant death,0.11734293295245518,0.9940816391761494,1.1114245721286047,10.557885428762793,89.4421145712372,1.8925292773545668,0.7811047052259624,0.10004709802610753,0.13513448635722056,0.8756832367578329,1.1129569535557926,0.9932260017950321,1.2293305216776211
2019,Unintentional injuries,0.012668149745781324,0.02559269910184512,0.03826084884762644,33.109954764025595,66.8900452359744,0.12103384913314091,0.08277300028551447,0.006979571609694552,0.018569043880080502,-0.006501646460765997,0.05890967498549398,0.007348725378923299,0.07232934780190063
2019,Assault (homicide),0.008399845528981298,0.0969234868771261,0.10532333240610739,7.9752941129825246,92.02470588701748,0.16137846551085452,0.05605513310474714,0.0032306888481389655,0.014200780205348349,0.06402475821616356,0.131456255632243,0.07229444865679914,0.14069681840145526
2020,Infection,0.34229500089133585,0.13519633060925138,0.4774913315005872,71.68611832504334,28.31388167495667,0.6963471186029038,0.2188557871023167,0.3134191072362411,0.370595017574379,0.06895700137143955,0.20277486839806763,0.4057869094896053,0.548556276450983
2020,Other,0.9518700607291849,0.0017393965192930053,0.9536094572484779,99.81759865046726,0.18240134953273415,1.8442762923215872,0.8906668350731098,0.903732913653123,0.9998851698495658,-0.11771675264599653,0.11991637169457942,0.830181133965768,1.0728511146400697
2020,Circulatory diseases,0.04940857899660432,0.0510312153559746,0.10043979435257892,49.192234328121856,50.807765671878144,0.19353516647819125,0.09309537212561234,0.0391396355300993,0.06062910752676397,0.014491683752595864,0.0847453566329429,0.06248350725983945,0.1349055539159113
2020,Maternal complications,0.43443951680808335,-0.01647957863866017,0.4179599381694232,103.94286081839262,-3.9428608183926115,0.6128613605142722,0.1949014223448492,0.4004560460621468,0.4694784075116336,-0.0804415578104597,0.04356376872222192,0.34773498528646973,0.48596798592048096
2020,Placenta/cord/membranes,0.2566795408602216,-0.02664945055933581,0.23003009030088578,111.58520197269739,-11.58520197269739,0.38137812217761213,0.1513480318767265,0.23253949006227312,0.2811728701255329,-0.07661244790607817,0.024277108080371416,0.17795899263850187,0.28618946865211764
2020,Short gestation/LBW,1.3742910785766609,0.15652276832931541,1.5308138469059762,89.77519254573811,10.224807454261887,2.0719647234724006,0.5411508765664249,1.317232056111561,1.429336226120503,0.03892737926278424,0.26576027814985953,1.3949337058637485,1.6600313523306918
2020,Hypoxia and birth asphyxia,0.08242708205877816,0.016508375992157015,0.09893545805093518,83.31399447945348,16.686005520546505,0.16317670899141615,0.06424125094048103,0.06815510437455073,0.09709002789818466,-0.014918923811909087,0.05121724631151143,0.0655304197826821,0.13581121248981767
2020,Respiratory distress,0.16340360803167026,-0.05372483268472905,0.1096787753469412,148.98380066223757,-48.983800662237584,0.19732997366403815,0.08765119831709699,0.14373174680958511,0.1842659842825946,-0.09277334700883141,-0.019245918410011116,0.0711627621172421,0.14817166744826446
2020,Hemorrhage,0.12125138355291794,-0.06574040012919466,0.05551098342372328,218.42773461134487,-118.4277346113449,0.13281825150464105,0.07730726808091784,0.10442837291978399,0.1381794445945338,-0.09887350510519996,-0.03259012972358422,0.024851240061679287,0.09024129729942737
2020,Necrotizing enterocolitis,0.10384714135784481,0.02059536119254319,0.124442502550388,83.44989792839958,16.550102071600435,0.1821507449206506,0.05770824237026262,0.08815163365115232,0.11903820358735479,-0.011916646500102771,0.05579103264622704,0.08868740897143343,0.16214294030060475
2020,Congenital malformations,0.4781468313925452,-0.20964857645347487,0.2684982549390703,178.08191397782082,-78.0819139778208,1.3224903042676401,1.05399204932857,0.45053044114061336,0.5093100246911275,-0.31895355522365587,-0.10530930629743324,0.1547760674006034,0.3746098792816957
2020,Sudden unexpected infant death,0.11481754017918075,1.2643904431682467,1.3792079833474273,8.32488947029665,91.67511052970335,2.1326816384459506,0.7534736550985233,0.09538767093040808,0.13388975995631783,1.1359922896449315,1.3828039900741138,1.246865994424519,1.4990697093028305
2020,Unintentional injuries,0.009738195988943408,0.05582033726036241,0.06555853324930581,14.854200523234745,85.14579947676526,0.13851046228341138,0.07295192903410558,0.004792277601382077,0.014717680803608956,0.021919016713303558,0.09222122602599417,0.03187902711282359,0.1022155727705656
2020,Assault (homicide),0.009844709650221384,0.08641700493679762,0.096261714587019,10.227025035297837,89.77297496470216,0.1517922874338755,0.055530572846856474,0.005176451892645879,0.015195681922665256,0.0534429674293056,0.12195710526951146,0.06288809955498795,0.13123055473912343
2021,Infection,0.32684519800899037,0.0890208785925859,0.41586607660157626,78.59385903268252,21.406140967317477,0.6497309919743676,0.2338649153727913,0.2987285172534817,0.35442415372713004,0.021491075801680554,0.1559279615201402,0.33864384250049373,0.4877304741292797
2021,Other,0.9037604003721427,0.07218242833952326,0.9759428287116659,92.60382614473322,7.3961738552667775,1.8502787055031247,0.8743358767914584,0.8564512630489651,0.9465265560124598,-0.03851049381109938,0.18399808482049118,0.8561513552111704,1.098071475942471
2021,Circulatory diseases,0.059074483190566934,0.06534924323168771,0.12442372642225465,47.478471260446646,52.52152873955335,0.2094655138305424,0.08504178740828774,0.047393664975489504,0.06985446079420599,0.028239281671713155,0.1019337312157306,0.08434748448561578,0.16328179012875865
2021,Maternal complications,0.40891405830535277,0.025695591236921025,0.43460964954227377,94.08766205168631,5.912337948313699,0.6206385594979034,0.18602890995562946,0.37865631996810206,0.4414920747688078,-0.03791009767526291,0.09059311910189362,0.36225797865048065,0.5113497567623245
2021,Placenta/cord/membranes,0.20620234657015193,-0.0217209380110041,0.18448140855914782,111.7740525620716,-11.774052562071589,0.32001675724110645,0.1355353486819586,0.18371437800930873,0.22981245126708486,-0.06532428157817378,0.025341897740431548,0.13870433268430862,0.24070004844406975
2021,Short gestation/LBW,1.1943322342748095,0.1750872739979363,1.3694195082727458,87.2144895745808,12.785510425419202,1.8541576964999864,0.4847381882272402,1.1411143288931658,1.2489776434558602,0.07640180175825556,0.2784301368126714,1.2532057916751569,1.491049136428924
2021,Hypoxia and birth asphyxia,0.08102386034834748,-0.007027016885297465,0.07399684346305001,109.4963738403333,-9.496373840333304,0.15903863087133774,0.08504178740828774,0.06739360756500803,0.09443875236772137,-0.042727455672073575,0.026720776906685555,0.037486727247718156,0.11066537247613117
2021,Respiratory distress,0.1644798697815275,-0.008464567824048976,0.15601530195747854,105.42547283365576,-5.425472833655744,0.23467895531014474,0.07866365335266616,0.14476475201415348,0.1842304578659986,-0.04642258342378769,0.02801127179704742,0.11331360087330133,0.19762118058035577
2021,Hemorrhage,0.12022829074946208,-0.02255626654266126,0.09767202420680082,123.0938866331908,-23.093886633190806,0.17261509936035438,0.07494307515355358,0.10365100573540795,0.13630900146939962,-0.055210134624913296,0.01320556538380062,0.06270709669717742,0.1358066604158317
2021,Necrotizing enterocolitis,0.11203133893067306,0.02151248657079296,0.133543825501466,83.89106610506916,16.108933894930843,0.19201005434466387,0.058466228843197826,0.09717914241920082,0.1277260469407431,-0.011682547597661082,0.05302220433418427,0.09275559375586986,0.17167505078926834
2021,Congenital malformations,0.47621152516246146,-0.1248737363328514,0.3513377888296101,135.54235846614608,-35.54235846614609,1.3537678579048018,1.002430069075192,0.4458660131819942,0.5065283187264235,-0.22548219079954634,-0.01200640468419454,0.2474786914312635,0.4648742624999095
2021,Sudden unexpected infant death,0.14309937448993154,1.3352394666298164,1.478338841119748,9.679741241293696,90.3202587587063,2.3021811566375354,0.8238423155177875,0.12266295040856898,0.16309530945760725,1.2031462880178752,1.4759345710242826,1.3436444747664928,1.621689844950038
2021,Unintentional injuries,0.0074360468049650364,0.10240446156372325,0.10984050836868829,6.769858329502046,93.23014167049794,0.18425207235094007,0.07441156398225178,0.0017420072272078273,0.013103546681567784,0.06257828657534933,0.14462327039277445,0.07051838381904187,0.15216840766958734
2021,Assault (homicide),0.00913386344221386,0.09813349823704624,0.1072673616792601,8.515044370649298,91.48495562935071,0.16679661286506156,0.05952925118580143,0.004106529043231831,0.015065847978242312,0.06383300816894678,0.13443311415103568,0.0725697214638549,0.14555233603514234
2022,Infection,0.359149598997261,0.09034310862919634,0.4494927076264573,79.90109581393381,20.0989041860662,0.7012732922914939,0.25178058466503644,0.3283487942781358,0.3886637501544226,0.02422202155744086,0.1568660111785642,0.36994061761522234,0.5278719980397995
2022,Other,1.026619310113637,0.2344902425184631,1.2611095526321001,81.40603708622685,18.593962913773144,2.229538338237663,0.9684287856055623,0.9779427752554509,1.080176025688133,0.1118848129630815,0.352236764800567,1.129493992453515,1.3951104265208867
2022,Circulatory diseases,0.0491366457330927,0.06773142555576214,0.11686807128885485,42.044542355495025,57.95545764450497,0.1964350958799703,0.07956702459111542,0.03837778608129144,0.06023007531228097,0.02911267621603591,0.10700521658519103,0.07407524993912526,0.1570140803159077
2022,Maternal complications,0.43446912057948356,-0.006201624954449137,0.4282674956250344,101.44807276242112,-1.4480727624211087,0.6364497106511038,0.2081822150260691,0.4013564389815812,0.46737736028451415,-0.0719583437442326,0.052191892932287105,0.35646448514943757,0.4976929935656824
2022,Placenta/cord/membranes,0.20040415064185269,-0.04821887691740784,0.15218527372444485,131.68432512380642,-31.68432512380641,0.28679523998475664,0.1346099662603117,0.17827760927222586,0.22150146124826,-0.09190599429270548,-0.001510939987120895,0.10384886548268818,0.20217309143252973
2022,Short gestation/LBW,1.218924338272291,0.09005332612404311,1.308977664396334,93.12033134151504,6.879668658484967,1.8032741801781274,0.49429651578179234,1.1601506840684144,1.2780687889187494,-0.014212211874359941,0.1962062793134952,1.1926061317246206,1.433819956665435
2022,Hypoxia and birth asphyxia,0.08341340642737581,0.006828143156108704,0.09024154958348451,92.43348192974918,7.566518070250814,0.17089853341557418,0.08065698383208961,0.06915842214157276,0.09948578199217872,-0.029322509905366664,0.0409565005192401,0.050191440190130755,0.12855964918668492
2022,Respiratory distress,0.20145163859633178,-0.03992423162510914,0.16152740697122264,124.71669196808313,-24.716691968083136,0.2612586775203605,0.09973127054913782,0.17900494889417082,0.2236052571787957,-0.08041984223323191,0.004672897435579084,0.11721737765701894,0.20790170428727275
2022,Hemorrhage,0.11702086230671392,-0.08112231537494423,0.03589854693176969,325.97659879974736,-225.9765987997474,0.11982540848678189,0.08392686155501215,0.10019909334027416,0.13478752265977212,-0.11511635641305974,-0.047562002540796254,0.005239057286117141,0.06984318508056121
2022,Necrotizing enterocolitis,0.12241662754627268,0.007099819587975022,0.1295164471342477,94.51821004585167,5.481789954148329,0.20036379779756971,0.07084735066332194,0.10599328598130066,0.1411588605704844,-0.02993870409574495,0.0419394084764971,0.08890773362989465,0.17001489934657762
2022,Congenital malformations,0.41198163336745414,-0.05883335874711372,0.35314827462034043,116.65967611207041,-16.659676112070425,1.3259368971897993,0.972788622569459,0.3836553889720073,0.4386984708859474,-0.1614416910582015,0.04199112798704121,0.24467094478669937,0.4548233101872181
2022,Sudden unexpected infant death,0.14693961504408404,1.4622232125375882,1.6091628275816723,9.131432352617292,90.8685676473827,2.429902136035232,0.8207393084535604,0.12549592461938675,0.16698371065958326,1.3253172033399212,1.59738008791613,1.4667378823983341,1.7410057738680058
2022,Unintentional injuries,0.008459321083877805,0.05046645773300125,0.058925778816879056,14.355891858750732,85.64410814124926,0.14339761999237832,0.08447184117549925,0.0035022025871841076,0.013845975786964398,0.015342914788977686,0.08787486553044399,0.023786612363799704,0.09646297434877942
2022,Assault (homicide),0.004396811659601199,0.07304615262860813,0.07744296428820932,5.67748368107161,94.3225163189284,0.1335758651983798,0.056132900910170466,-8.892114624327549e-6,0.008669038800111733,0.04038412790415038,0.10575528854472953,0.04500459611152659,0.11083947366152826
2023,Infection,0.37028678521313374,0.11893845003759211,0.48922523525072587,75.68840659320514,24.31159340679486,0.7479676125936492,0.2587423773429235,0.33831097354860423,0.4000893195192631,0.05227672049759397,0.18809765725024577,0.41531230131564917,0.568149409611874
2023,Other,1.0042332417730253,0.10243061099068711,1.1066638527637125,90.74419836385877,9.255801636141216,2.0742817671654477,0.9676179144017355,0.9545771916488185,1.055966473138544,-0.027540709609620788,0.22879100261119759,0.9723227285798726,1.233474919737299
2023,Circulatory diseases,0.050359649813241744,0.061437656919530195,0.11179730673277194,45.04549464113295,54.95450535886705,0.1982318536108852,0.08643454687811326,0.0395472943487317,0.060732775480744065,0.024998974252896138,0.10339591744338816,0.07328521030074471,0.15844593410213365
2023,Maternal complications,0.4062139921591826,-0.02230898895507136,0.3839050032041112,105.81107012643187,-5.811070126431854,0.5865210514054026,0.20261604820129145,0.3753502185393327,0.4384045347739026,-0.08510094670633218,0.041161167778287856,0.3122909420919895,0.45460695947931645
2023,Placenta/cord/membranes,0.18568438713460025,-0.036597183689760095,0.14908720344484017,124.5475016259866,-24.547501625986605,0.2697588110993489,0.12067160765450877,0.16221038917721362,0.20845259341887715,-0.08351729372052717,0.00857473087480372,0.10111066339195099,0.19835367769133844
2023,Short gestation/LBW,1.1747782417000217,0.24436033850651706,1.4191385802065386,82.78107988079971,17.21892011920029,1.8821807956250025,0.46304221541846385,1.1223613690613226,1.2314461729786004,0.13524931618963443,0.3503916295791468,1.2912938934642664,1.5484505176839467
2023,Hypoxia and birth asphyxia,0.0919110345817368,-0.013373028849393159,0.07853800573234364,117.0274617042967,-17.027461704296698,0.1655338159018732,0.08699581016952956,0.0768447592747496,0.10642494802775507,-0.04928981705127078,0.02332147254881479,0.04235376467612576,0.11701319902783089
2023,Respiratory distress,0.1808573835927183,-0.06469901293403506,0.11615837065868324,155.69896733843225,-55.69896733843226,0.2166244998222044,0.10046612916352125,0.16047528425405153,0.2021647176730257,-0.1055821919127441,-0.027178021156488465,0.07323897010546955,0.15836782641553976
2023,Hemorrhage,0.12346281801842839,-0.043198008276695975,0.08026480974173242,153.8193617049538,-53.81936170495381,0.15940293383143345,0.0791381240897011,0.10630300607629935,0.1400087318901307,-0.07564119187725037,-0.007237297922674977,0.04440061809307455,0.11801925271871254
2023,Necrotizing enterocolitis,0.12452699766361314,0.008195462525274873,0.132722460188888,93.82511255923734,6.174887440762665,0.20231910832451167,0.06959664813562366,0.10919014984139086,0.14194858397290694,-0.026345096149342443,0.04444140375392759,0.09385540595442288,0.17644937356259563
2023,Congenital malformations,0.4529917227591247,-0.020061881780642266,0.4329298409784824,104.6339798927465,-4.633979892746499,1.4387136591965275,1.005783818218045,0.4248204483200373,0.4817809955203686,-0.13107710759437535,0.0835247693967089,0.31757086822392727,0.5455462258639956
2023,Sudden unexpected infant death,0.13835021523075192,1.3727032551687932,1.511053470399545,9.155878196300364,90.84412180369964,2.3276915594102907,0.8166380890107453,0.11709144215804305,0.15822183417932212,1.231793805384015,1.51215394296143,1.3662446754594633,1.6582640701644167
2023,Unintentional injuries,0.012651785381048365,0.08589027303343073,0.0985420584144791,12.838970064775305,87.16102993522469,0.16757744325868643,0.06903538484420735,0.005940044979987048,0.019341054589619194,0.0475369813312383,0.12491586571951092,0.05914791505176823,0.1357912084640896
2023,Assault (homicide),0.006344206774304214,0.10438723237762165,0.11073143915192586,5.729363605217692,94.27063639478231,0.16349018854505992,0.05275874939313407,0.0010709258797895862,0.012077648622160255,0.06829989195615033,0.14055042954661737,0.07388621607339788,0.14664549016603065
2024,Infection,0.35160049721935555,0.16589784561060011,0.5174983428299557,67.94234263565316,32.05765736434684,0.7538307342099005,0.23633239137994483,0.32414672770030584,0.38377499084305755,0.09877137721722208,0.23493702534390212,0.43919188579851554,0.6009455860264439
2024,Other,1.0141626389298442,0.07218926315261574,1.08635190208246,93.35489144776807,6.645108552231926,2.0682567186491356,0.9819048165666756,0.9643820207766727,1.063182311737756,-0.056742304910827525,0.20378844872518498,0.9509125042089845,1.2268863627556548
2024,Circulatory diseases,0.055533395092075444,0.07834388733173217,0.13387728242380761,41.48082041005028,58.51917958994972,0.21659361940678828,0.08271633698298068,0.04377340929792183,0.06747854328754488,0.040976050691238115,0.12034818191497731,0.09309603379507841,0.17961406473100894
2024,Maternal complications,0.4405806457042598,0.005504198993390714,0.44608484469765053,98.76610939402764,1.2338906059723629,0.6497808582203649,0.20369601352271435,0.4063114723506935,0.472938673961024,-0.052956899185980774,0.069675741549495,0.37383169936000993,0.5172910092073658
2024,Placenta/cord/membranes,0.190104654683907,-0.024543623361065227,0.16556103132284178,114.82451707685095,-14.824517076850949,0.2887914925423844,0.12323046121954268,0.16865105719013604,0.2112257471821286,-0.07468274649002715,0.018129072865559516,0.11296316312511538,0.21604446979870454
2024,Short gestation/LBW,1.2459394775724162,0.19037197598111935,1.4363114535535355,86.74577331329318,13.254226686706822,1.9281079060918018,0.49179645253826615,1.187151339693897,1.3035479530469638,0.07231955989374741,0.29375586991462727,1.2983643458704703,1.56842625196212
2024,Hypoxia and birth asphyxia,0.09259934111840665,0.014543628859465186,0.10714296997787183,86.42596069301712,13.574039306982877,0.19323548398056603,0.08609251400269419,0.07784034335337173,0.10741071237760574,-0.02278159245828105,0.04773029401869432,0.0645933740036957,0.1478784952412724
2024,Respiratory distress,0.20114951089210487,-0.017072930839272304,0.18407658005283256,109.2749065820172,-9.274906582017188,0.2802976251146672,0.09622104506183468,0.1778061933285167,0.22435445971787002,-0.060649494331328005,0.02979476929255179,0.13702910936626073,0.236485969265521
2024,Hemorrhage,0.1163419145288972,-0.05478982306356533,0.06155209146533187,189.0137471517515,-89.01374715175152,0.1465192131281215,0.08496712166278969,0.09940308665978947,0.1337104746507593,-0.08771634131576406,-0.018638785890809435,0.027240391651152635,0.09804386596044579
2024,Necrotizing enterocolitis,0.11661477305027222,0.023090681840383865,0.13970545489065608,83.47188242688422,16.52811757311578,0.2038528182652125,0.06414736337455645,0.10020042544551884,0.13296436538148254,-0.013704243139151353,0.062252113085561084,0.0977847465177736,0.18461586824708018
2024,Congenital malformations,0.4376042062320412,-0.013720538633088523,0.4238836675989527,103.23686418748031,-3.236864187480297,1.414228926714912,0.9903452591159593,0.4085634366420793,0.4682142046873917,-0.13116652928896805,0.09884476047499165,0.30004663452620045,0.5349822150025008
2024,Sudden unexpected infant death,0.12282713678376757,1.4396281688103345,1.5624553055941022,7.861161618127966,92.13883838187202,2.301838072911358,0.7393827673172559,0.10222825180478987,0.1420830785778143,1.3022162420805514,1.5855771698067702,1.4231717077600796,1.709833575819651
2024,Unintentional injuries,0.009091870486790807,0.07090187676408553,0.07999374725087634,11.365726446439481,88.63427355356053,0.1486426799850508,0.06864893273417445,0.003392708157004543,0.015310227347616088,0.03727461525685389,0.10600544274063808,0.0461945016737879,0.11447982387522472
2024,Assault (homicide),0.008884396525064838,0.0851233300961843,0.09400772662124914,9.450708834667898,90.54929116533211,0.1401488125573336,0.046141085936084465,0.0029908603804819816,0.014695927801687101,0.05012069854081476,0.1205206905763832,0.05776103893517859,0.12949824365376633
