year,cause_of_death,composition_effect,rate_effect,gap,composition_pct,rate_pct,csimr_black,csimr_white
2003,Infection,0.3930850373795756,0.16959417486759853,0.5626792122471742,69.85952720906648,30.140472790933504,0.8309353908207112,0.2682561785735369
2003,Other,1.3106223081198252,0.30611789245429527,1.6167402005741205,81.0657338547288,18.93426614527119,2.707127774322867,1.0903875737487456
2003,Circulatory diseases,0.07485386295881503,0.10613717079210405,0.18099103375091907,41.35777414356855,58.642225856431466,0.2968881206103598,0.11589708685944071
2003,Maternal complications,0.658071758096432,-0.07756402405607325,0.5805077340403588,113.36141096970825,-13.361410969708242,0.9082317062458936,0.32772397220553456
2003,Placenta/cord/membranes,0.3734782602353173,-0.11036873843086865,0.2631095218044487,141.94783133424497,-41.94783133424498,0.49012890917331586,0.227019387368867
2003,Short gestation/LBW,1.8950578028219858,0.3699388357919518,2.2649966386139377,83.66713532880404,16.332864671195956,3.0215832393480406,0.7565866007341018
2003,Hypoxia and birth asphyxia,0.07936330920483946,0.009986601574832324,0.08934991077967178,88.82304247683211,11.176957523167893,0.21783507074369596,0.12848515996402415
2003,Respiratory distress,0.3087752660683604,-0.02844137121155465,0.28033389485680577,110.14553421236575,-10.145534212365746,0.44094034481183614,0.1606064499550302
2003,Hemorrhage,0.21593694617764114,-0.1197896841581923,0.09614726201944884,224.5898028109849,-124.5898028109849,0.24242935292443582,0.14628209090498695
2003,Necrotizing enterocolitis,0.12379375939510102,0.07894639873601929,0.2027401581311203,61.06030523811595,38.93969476188405,0.26351016622221285,0.0607700080910925
2003,Congenital malformations,0.5205405793868518,-0.14515078778111207,0.37538979160573976,138.66668487713153,-38.66668487713151,1.6337630305777198,1.25837323897198
2003,Sudden unexpected infant death,0.10122957648172493,0.9203624974218483,1.021592073903573,9.909001750074255,90.09099824992576,1.8463278979969713,0.8247358240933983
2003,Unintentional injuries,0.008327494115745394,0.0524396971218155,0.0607671912375609,13.703931259863914,86.29606874013608,0.18621385079703043,0.12544665955946951
2003,Assault (homicide),0.006107475543945109,0.08905825866646536,0.09516573421041047,6.417725449836327,93.58227455016367,0.15810609973332773,0.06294036552291724
2004,Infection,0.39791857802895425,0.13359751758766475,0.5315160956166189,74.86482183899315,25.13517816100686,0.8075214858395339,0.2760053902229149
2004,Other,1.306992367968863,0.3442332938310784,1.6512256617999415,79.15286191374702,20.847138086252983,2.7197043981954865,1.068478736395545
2004,Circulatory diseases,0.07926690658229599,0.04256517009150839,0.12183207667380438,65.06242752023901,34.937572479760995,0.24645136256141617,0.12461928588761184
2004,Maternal complications,0.6706693315348099,0.03375533677334097,0.7044246683081509,95.20809842528475,4.791901574715252,1.01202368030539,0.30759901199723905
2004,Placenta/cord/membranes,0.3401688350528184,-0.0644210251885433,0.2757478098642751,123.36229804336499,-23.36229804336497,0.4806675510949607,0.20491974123068565
2004,Short gestation/LBW,1.814956609365345,0.3178591754878938,2.1328157848532387,85.09673560439418,14.90326439560583,2.875265896549856,0.742450111696617
2004,Hypoxia and birth asphyxia,0.08378525607157838,0.017562271296788078,0.10134752736836647,82.67123850693,17.328761493070008,0.21324160448576437,0.11189407711739795
2004,Respiratory distress,0.3213268553131424,-0.00695729963010153,0.31436955568304087,102.21309586260196,-2.213095862601956,0.47891966909097905,0.16455011340793815
2004,Hemorrhage,0.201885851494579,-0.05207302434566182,0.14981282714891717,134.75872215794988,-34.758722157949876,0.27092171061715964,0.12110888346824249
2004,Necrotizing enterocolitis,0.1422308348697729,0.04227649299322859,0.18450732786300147,77.08682170898963,22.913178291010375,0.26393018260123297,0.07942285473823149
2004,Congenital malformations,0.523551007373775,-0.14909895951919205,0.37445204785458297,139.81790468858486,-39.81790468858487,1.6395133197348113,1.2650612718802288
2004,Sudden unexpected infant death,0.11044191762176786,0.9797143249795734,1.0901562426013414,10.130833848020746,89.86916615197926,1.9488884344395678,0.8587321918382266
2004,Unintentional injuries,0.009934320477900552,0.06163333997145043,0.07156766044935098,13.881018906481025,86.11898109351898,0.19925854845391097,0.12769088800456002
2004,Assault (homicide),0.005595722820398788,0.07586707807041683,0.08146280089081562,6.869052818228925,93.13094718177108,0.1415784423225157,0.060115641431700076
2005,Infection,0.4160497508987505,0.09868738280948251,0.514737133708233,80.82761542799024,19.17238457200976,0.800790066744036,0.286052933035803
2005,Other,1.3715496043056874,0.24049030158905338,1.6120399058947408,85.08161611200484,14.918383887995162,2.7050446315068517,1.0930047256121114
2005,Circulatory diseases,0.06303323970845041,0.08618682189847038,0.1492200616069208,42.241799815425715,57.75820018457427,0.2525169540920718,0.10329689248515107
2005,Maternal complications,0.6968754256101656,0.003743153014143612,0.7006185786243092,99.46573597555842,0.5342640244415775,1.0100678163682872,0.3094492377439782
2005,Placenta/cord/membranes,0.38771062257788086,-0.1481772377366081,0.23953338484127276,161.86078731146307,-61.860787311463085,0.47217211278860005,0.2326387279473274
2005,Short gestation/LBW,1.8732578881704762,0.3247597556106719,2.198017643781148,85.22487949405162,14.775120505948383,2.9281589265608057,0.7301412827796575
2005,Hypoxia and birth asphyxia,0.07574461207213709,-0.014211554828492134,0.061533057243644954,123.09580486505062,-23.09580486505062,0.18160465876484616,0.12007160152120123
2005,Respiratory distress,0.3318641388592776,-0.027258163095243225,0.3046059757640344,108.94866327782057,-8.948663277820588,0.463524271895036,0.15891829613100164
2005,Hemorrhage,0.225828698364721,-0.1320490870677147,0.0937796112970063,240.80788482851182,-140.80788482851185,0.2438691131985077,0.15008950190150155
2005,Necrotizing enterocolitis,0.1708893480662777,0.04982921124809254,0.22071855931437023,77.424095462167,22.575904537833004,0.3165109767044462,0.095792417390076
2005,Congenital malformations,0.5296251572144174,-0.11101676573452557,0.4186083914798918,126.52043484891735,-26.520434848917347,1.6396306334197541,1.2210222419398626
2005,Sudden unexpected infant death,0.1213828415547225,0.8056546612607246,0.9270375028154471,13.093627947745192,86.90637205225481,1.8558266557588565,0.9287891529434096
2005,Unintentional injuries,0.008358602440615898,0.08802630475282446,0.09638490719344035,8.672107162836754,91.32789283716325,0.2248438632326667,0.12845895603922633
2005,Assault (homicide),0.004919076314259804,0.0791492934713403,0.0840683697856001,5.851280721637571,94.14871927836242,0.13836545429702565,0.054297084511425564
2006,Infection,0.3734568636706406,0.1700765082707411,0.5435333719413817,68.70909551270694,31.290904487293066,0.7993226190320514,0.2557892470906697
2006,Other,1.2906157803818146,0.286146027769229,1.5767618081510435,81.85229840740675,18.147701592593247,2.6709471564383884,1.0941853482873451
2006,Circulatory diseases,0.06050015599745638,0.0911156864616403,0.15161584245909668,39.90358462294484,60.09641537705516,0.256633233513358,0.1050173910542613
2006,Maternal complications,0.6103287522495331,-0.05806157639988146,0.5522671758496517,110.51331292875679,-10.513312928756797,0.8581684560160061,0.3059012801663545
2006,Placenta/cord/membranes,0.3584541673043608,-8.488567240093753e-4,0.35760531058035144,100.2373725162615,-0.23737251626151204,0.5541316315989068,0.19652632101855538
2006,Short gestation/LBW,1.8130988501121035,0.3479770154213658,2.161075865533469,83.89797318219246,16.10202681780755,2.901426684625544,0.7403508190920746
2006,Hypoxia and birth asphyxia,0.055128870252107644,-0.0072667064353307675,0.047862163816776875,115.18256981265776,-15.182569812657754,0.11932628055079704,0.07146411673402014
2006,Respiratory distress,0.2955169974628526,-0.02815690443485384,0.26736009302799874,110.53145370947533,-10.53145370947532,0.4168246786363458,0.149464585608347
2006,Hemorrhage,0.2051483788883996,-0.07728231963470589,0.1278660592536937,160.44005742084636,-60.44005742084634,0.2533640203475827,0.12549796109388903
2006,Necrotizing enterocolitis,0.15351914975625683,0.07655158610771473,0.23007073586397156,66.72693473150989,33.27306526849011,0.3154790704973127,0.08540833463334115
2006,Congenital malformations,0.5335246844619843,-0.05179523398376229,0.481729450478222,110.75193429264998,-10.751934292649986,1.7179715186148998,1.2362420681366777
2006,Sudden unexpected infant death,0.09967961068724333,0.8200123976776983,0.9196920083649416,10.838368690890007,89.16163130911,1.8029710609250564,0.8832790525601149
2006,Unintentional injuries,0.011011243827280564,0.06280437753659385,0.07381562136387441,14.91722703653823,85.08277296346176,0.20105660969517855,0.12724098833130415
2006,Assault (homicide),0.009086168033491108,0.06470871141794528,0.07379487945143638,12.312735112563763,87.68726488743624,0.13567234637967332,0.06187746692823695
2007,Infection,0.3802340567026312,0.10001136356656443,0.48024542026919564,79.17494694472998,20.82505305527001,0.7544855772858103,0.2742401570166148
2007,Other,1.2741699449788595,0.280328845916989,1.5544987908958485,81.96660894438926,18.033391055610736,2.6262519243395444,1.0717531334436956
2007,Circulatory diseases,0.06802971622953118,0.08879279105511576,0.15682250728464692,43.380071781438325,56.61992821856169,0.2680831732058092,0.11126066592116227
2007,Maternal complications,0.6504024452422945,-0.0362024014400489,0.6142000438022456,105.89423621918613,-5.894236219186109,0.9262514427530055,0.3120513989507598
2007,Placenta/cord/membranes,0.3568295189690941,-0.045231779988180155,0.3115977389809139,114.51608093695145,-14.516080936951441,0.5136923079392751,0.20209456895836114
2007,Short gestation/LBW,1.8042708924599484,0.3190829425583514,2.1233538350182997,84.97269097142251,15.027309028577493,2.857413462912218,0.7340596278939182
2007,Hypoxia and birth asphyxia,0.06628978756623234,-7.171540474831583e-4,0.06557263351874919,101.093678885534,-1.0936788855340123,0.13163365390943926,0.06606102039069009
2007,Respiratory distress,0.2867033757747285,-0.015357999595592938,0.27134537617913557,105.65994520041275,-5.659945200412762,0.41737500020066104,0.14602962402152547
2007,Hemorrhage,0.18294320798734937,-0.08370765860690141,0.09923554938044796,184.3524917527126,-84.35249175271261,0.21831923087419194,0.11908368149374397
2007,Necrotizing enterocolitis,0.16186104398797999,0.07127186982794197,0.23313291381592194,69.42865395479203,30.571346045207974,0.3226629809243572,0.08953006710843525
2007,Congenital malformations,0.5396413853431297,-0.13594963643230584,0.4036917489108238,133.67659527327552,-33.67659527327554,1.619736058471027,1.2160443095602032
2007,Sudden unexpected infant death,0.11649606011667005,0.8794161207909031,0.9959121809075732,11.697422960577446,88.30257703942256,1.9359778855461431,0.9400657046385702
2007,Unintentional injuries,0.01685846821223979,0.08633109775244495,0.10318956596468473,16.337376802233454,83.66262319776655,0.2440038462711557,0.14081428030647097
2007,Assault (homicide),0.0053940195282206225,0.08422280727705132,0.08961682680527194,6.018980721043903,93.9810192789561,0.15089711545716208,0.06128028865189015
2008,Infection,0.33138769015726705,0.05958644454328156,0.3909741347005486,84.75949193188458,15.240508068115421,0.657469630395451,0.2664954956949025
2008,Other,1.1959090940412684,0.3074719444608102,1.5033810385020787,79.54796977038066,20.452030229619332,2.5410312742310674,1.037650235728989
2008,Circulatory diseases,0.061160977285389065,0.09090436114718428,0.15206533843257336,40.22019607874558,59.77980392125441,0.26008012406306535,0.10801478563049205
2008,Maternal complications,0.6190546252971241,-0.09029743178243897,0.5287571935146851,117.07729613704655,-17.07729613704653,0.8497027655724994,0.3209455720578145
2008,Placenta/cord/membranes,0.3373956114273656,-0.07110266433681962,0.266292947090546,126.70091908691934,-26.70091908691934,0.4716981132075472,0.20540516611700127
2008,Short gestation/LBW,1.6965441209055072,0.29839404759320354,1.9949381684987109,85.04244129943336,14.957558700566631,2.718725768932541,0.7237876004338298
2008,Hypoxia and birth asphyxia,0.06784355767798922,2.285559295978894e-4,0.06807211360758711,99.66424440569682,0.3357555943031792,0.14377100025846473,0.07569888665087762
2008,Respiratory distress,0.21929397439417656,-0.0042511660999116725,0.2150428082942649,101.97689294221566,-1.9768929422156591,0.32792711294908244,0.1128843046548175
2008,Hemorrhage,0.17262217531387916,-0.026552465790317267,0.1460697095235619,118.17794111929427,-18.177941119294275,0.24877229258206254,0.10270258305850063
2008,Necrotizing enterocolitis,0.16461186500284652,0.06566081913790557,0.23027268414075208,71.48562393194193,28.514376068058073,0.3214654949599379,0.0911928108191859
2008,Congenital malformations,0.4736256012456043,-0.17723931920896402,0.2963862820366403,159.8001088279292,-59.80010882792918,1.516864822951667,1.220478540915027
2008,Sudden unexpected infant death,0.12265022685427318,0.9096153367519354,1.0322655636062086,11.881654409335903,88.11834559066409,1.9481778237270613,0.9159122601208527
2008,Unintentional injuries,0.011791308194261335,0.062439451480397944,0.07423075967465928,15.884665933557224,84.11533406644277,0.2132333936417679,0.13900263396710863
2008,Assault (homicide),0.004944907177192039,0.0890435949843743,0.09398850216156633,5.261183084598729,94.73881691540127,0.15507883173946757,0.06109032957790124
2009,Infection,0.41807482835279486,0.19328284036896332,0.6113576687217581,68.38465430995838,31.615345690041625,0.8762954650471978,0.2649377963254398
2009,Other,1.0498565195460885,0.2224462823762448,1.2723028019223332,82.51624675822856,17.483753241771442,2.2476731137368806,0.9753703118145473
2009,Circulatory diseases,0.07109952725365476,0.06587329931181594,0.13697282656547072,51.90776085771317,48.09223914228682,0.2508416397121922,0.11386881314672155
2009,Maternal complications,0.5909433190098571,-0.0784245405327409,0.5125187784771161,115.30178870045881,-15.301788700458813,0.8119347811736748,0.29941600269655866
2009,Placenta/cord/membranes,0.3316523833740151,-0.08044897260869055,0.25120341076532454,132.0254300543102,-32.0254300543102,0.452175061060136,0.20097165029481134
2009,Short gestation/LBW,1.7022473367790851,0.30371050685875783,2.005957843637843,84.85957679409786,15.140423205902124,2.711400092415341,0.7054422487774981
2009,Hypoxia and birth asphyxia,0.06393614418996352,-0.005203434025373645,0.05873271016458987,108.8595162913337,-8.859516291333701,0.1254208198560961,0.06668810969150625
2009,Respiratory distress,0.2111057222076697,-0.0014419522909322401,0.20966376991673746,100.68774509373026,-0.6877450937302492,0.3135520496402403,0.10388827972350292
2009,Hemorrhage,0.1671626699784972,-0.06703500956836304,0.10012766041013417,166.94954150908958,-66.9495415090896,0.2062842431843686,0.10615658277423444
2009,Necrotizing enterocolitis,0.14919847543607911,0.025184923526055426,0.17438339896213453,85.55772873109095,14.442271268909066,0.26239355733051684,0.0880101583683824
2009,Congenital malformations,0.5108914457488208,-0.13111055602004382,0.379780889728777,134.52268388587885,-34.52268388587885,1.547956960855502,1.168176071126725
2009,Sudden unexpected infant death,0.11288660132587178,0.8628862627827412,0.975772864108613,11.56894247402502,88.43105752597498,1.904416133078091,0.9286432689694781
2009,Unintentional injuries,0.012027640516669491,0.07391161735900355,0.08593925787567304,13.995513591785594,86.0044864082144,0.2029836952934187,0.11704443741774566
2009,Assault (homicide),0.0030889120561962795,0.10927440683914322,0.1123633188953395,2.749039532263583,97.25096046773642,0.16997821638391972,0.05761489748858023
2010,Infection,0.37489673211247493,0.12943527619681322,0.5043320083092881,74.33530411231894,25.664695887681066,0.7795149608877942,0.27518295257850606
2010,Other,0.9495379490764624,0.1199715835752832,1.0695095326517456,88.78256061188858,11.217439388111412,2.0212805878600353,0.9517710552082898
2010,Circulatory diseases,0.07301162301623454,0.038601381579717514,0.11161300459595205,65.41497855070062,34.585021449299376,0.2234495839744005,0.11183657937844849
2010,Maternal complications,0.5318590769769596,-0.10516229620822867,0.42669678076873085,124.6456736839612,-24.64567368396119,0.723226134390426,0.29652935362169536
2010,Placenta/cord/membranes,0.32490993490651277,-0.02051195113804215,0.3043979837684706,106.73853055270033,-6.73853055270032,0.4946593843708103,0.19026140060233973
2010,Short gestation/LBW,1.5457904538383505,0.28132038811462434,1.8271108419529747,84.60299278756813,15.397007212431879,2.5074113621554868,0.6803005202025124
2010,Hypoxia and birth asphyxia,0.06786268690550777,-0.019926184125509724,0.047936502779998044,141.56787201803155,-41.56787201803155,0.11940054105502318,0.07146403827502518
2010,Respiratory distress,0.1961003257826105,-0.012709101665065448,0.18339122411754505,106.93004898474288,-6.930048984742868,0.2882670205471274,0.1048757964295824
2010,Hemorrhage,0.14178610813631295,-0.05718886600435089,0.08459724213196207,167.60133612292321,-67.60133612292321,0.18251225561267828,0.09791501348071631
2010,Necrotizing enterocolitis,0.14361238706833843,0.04050608714024228,0.1841184742085807,77.9999876088727,22.0000123911273,0.26950407838133805,0.08538560417275735
2010,Congenital malformations,0.48518862108015426,-0.10955476002536806,0.3756338610547862,129.16530467134578,-29.165304671345776,1.533444091549512,1.157810230494726
2010,Sudden unexpected infant death,0.10118960736983693,0.7939465472017403,0.8951361545715772,11.304381668983918,88.69561833101608,1.7517765094786972,0.85664035490712
2010,Unintentional injuries,0.005099460343804489,0.06916333045728833,0.07426279080109281,6.86677714208587,93.13322285791413,0.19445230971818062,0.12018951891708779
2010,Assault (homicide),0.006467751774797784,0.043939498759448116,0.0504072505342459,12.830994958559968,87.16900504144004,0.11769481903995142,0.06728756850570553
2011,Infection,0.35118012377086527,0.13491309507849555,0.48609321884936085,72.24542745158006,27.754572548419937,0.7236302404904797,0.23753702164111898
2011,Other,0.9851846622834187,0.1528714452738167,1.1380561075572353,86.56731911030772,13.432680889692291,2.074176417253141,0.9361203096959059
2011,Circulatory diseases,0.06820500675334165,0.08452671926359911,0.15273172601694077,44.656738015110534,55.343261984889466,0.2556020897197876,0.10287036370284679
2011,Maternal complications,0.5785337052215288,-0.011473908251088133,0.5670597969704406,102.02340358325318,-2.0234035832531854,0.8410690384698415,0.27400924149940104
2011,Placenta/cord/membranes,0.3416864582832221,-0.04885509734916066,0.2928313609340614,116.68369712633397,-16.683697126333968,0.48875264453175593,0.1959212835976946
2011,Short gestation/LBW,1.6131898336730963,0.17559611690694193,1.7887859505800383,90.18350312679935,9.816496873200647,2.481758127887397,0.6929721773073589
2011,Hypoxia and birth asphyxia,0.06285437125564007,-0.01648964274369964,0.04636472851194043,135.56505833837252,-35.565058338372495,0.11743879797936185,0.07107406946742142
2011,Respiratory distress,0.1915810556983899,-0.07756088042200286,0.11402017527638704,168.02382142808835,-68.02382142808835,0.2262423902249471,0.11222221494856015
2011,Hemorrhage,0.14473064949251865,-0.06298854485005699,0.08174210464246166,177.05764994132173,-77.05764994132171,0.18133932040930875,0.09959721576684713
2011,Necrotizing enterocolitis,0.1296526749310333,0.044980691003086624,0.17463336593411993,74.24278529908453,25.757214700915455,0.24523984283925565,0.07060647690513575
2011,Congenital malformations,0.4800115111985005,-0.0667060549430029,0.4133054562554976,116.13965021109387,-16.13965021109387,1.5612451966668106,1.1479397404113132
2011,Sudden unexpected infant death,0.1007195898615217,0.6803087385442356,0.7810283284057573,12.895766542439185,87.10423345756081,1.6096023487759596,0.8285740203702023
2011,Unintentional injuries,0.012768595569579818,0.09006696346707475,0.10283555903665458,12.416517874939151,87.58348212506084,0.23142351366521308,0.1285879546285585
2011,Assault (homicide),0.009226368027900642,0.08239620709659294,0.09162257512449358,10.069972400758408,89.9300275992416,0.14679849747420234,0.055175922349708736
2012,Infection,0.3470481181543764,0.12210399997481021,0.4691521181291866,73.97347358001538,26.02652641998462,0.7207169927135166,0.2515648745843302
2012,Other,0.9217296094554727,0.06173731966313222,0.9834669291186049,93.7224813732718,6.277518626728197,1.901796275031122,0.9183293459125175
2012,Circulatory diseases,0.0676937670102495,0.06131288546744028,0.12900665247768978,52.47308236445897,47.52691763554103,0.23104324646796948,0.10203659399027971
2012,Maternal complications,0.5385744398824005,-0.05233570353720399,0.48623873634519654,110.76337601783524,-10.763376017835235,0.7655462793416302,0.2793075429964339
2012,Placenta/cord/membranes,0.32047412614530024,-0.02327510354083847,0.2971990226044618,107.83148724274743,-7.831487242747428,0.4862253395818462,0.18902631697738453
2012,Short gestation/LBW,1.62426105657274,0.17113980704013632,1.7954008636128762,90.46787764734877,9.532122352651237,2.524233677829159,0.7288328142162837
2012,Hypoxia and birth asphyxia,0.05961055735924976,-0.00380570724269496,0.055804850116554804,106.81967111236087,-6.8196711123608535,0.12586684322508784,0.07006199310853307
2012,Respiratory distress,0.19557276710519658,-0.025655201293733314,0.16991756581146328,115.09861630327245,-15.098616303272463,0.2775967364279335,0.10767917061647031
2012,Hemorrhage,0.12234687889908762,-0.07735622305143418,0.04499065584765344,271.93842053197994,-171.93842053197992,0.14138467321174253,0.09639401736408915
2012,Necrotizing enterocolitis,0.10546219486435644,0.010376212691663621,0.11583840755602007,91.04251093347806,8.95748906652194,0.18448975650800548,0.06865134895198544
2012,Congenital malformations,0.44592103092508467,-0.12422370618052832,0.32169732474455637,138.61508835336699,-38.61508835336697,1.469021238736642,1.1473239139920854
2012,Sudden unexpected infant death,0.10719136417499718,0.8157670791092992,0.9229584432842964,11.613888464312938,88.38611153568706,1.7448937718327246,0.8219353285484283
2012,Unintentional injuries,0.009724550929555334,0.08526824962997327,0.0949928005595286,10.237145207084724,89.76285479291528,0.1965591798309591,0.1015663792714305
2012,Assault (homicide),0.005949251062981876,0.07979367786921707,0.08574292893219894,6.938474270789414,93.06152572921059,0.14828148653914458,0.06253855760694563
2013,Infection,0.3212599334256282,0.12836523749074688,0.4496251709163751,71.45061135498099,28.549388645019004,0.6904543396174435,0.24082916870106832
2013,Other,0.9593934011905322,0.09312044368930159,1.0525138448798337,91.15256828759975,8.84743171240025,2.005933430559406,0.9534195856795719
2013,Circulatory diseases,0.06595808610051844,0.047635520323267844,0.11359360642378628,58.06496349314511,41.93503650685489,0.2135070775874389,0.09991347116365261
2013,Maternal complications,0.5617632515991912,-0.021193917720592183,0.540569333878599,103.92066593354923,-3.9206659335492224,0.824757178745026,0.284187844866427
2013,Placenta/cord/membranes,0.3217914160913608,-0.056233929597496415,0.2655574864938644,121.17580277624585,-21.175802776245842,0.4597289493213402,0.19417146282747583
2013,Short gestation/LBW,1.6273721814527784,0.18344409757578387,1.8108162790285622,89.86953565083947,10.130464349160535,2.5276483056319377,0.7168320266033755
2013,Hypoxia and birth asphyxia,0.06570661669523323,-0.024663102128102833,0.041043514567130394,160.0901321151825,-60.09013211518251,0.11880635768978455,0.07776284312265415
2013,Respiratory distress,0.19190267940774353,-0.059569649024658285,0.13233303038308525,145.01495118203871,-45.014951182038715,0.24450004046303486,0.11216701007994963
2013,Hemorrhage,0.12463982197180584,-0.03759684877851154,0.08704297319329429,143.19343354117868,-43.19343354117868,0.17046129581577782,0.08341832262248354
2013,Necrotizing enterocolitis,0.1155119099503934,0.03168791634754918,0.1471998262979426,78.47285751315313,21.527142486846863,0.2169507401291718,0.06975091383122918
2013,Congenital malformations,0.4384766828545823,-0.1763031232935996,0.2621735595609827,167.24672144240034,-67.24672144240034,1.3946833294018186,1.132509769840836
2013,Sudden unexpected infant death,0.09819095947986187,0.7719121153282609,0.8701030748081228,11.284980173356493,88.7150198266435,1.7080566206995111,0.8379535458913884
2013,Unintentional injuries,0.012338769304153644,0.06031363093039089,0.07265240023454453,16.983292037593063,83.01670796240694,0.1532429831071134,0.08059058287256886
2013,Assault (homicide),0.007185205337357992,0.08386619900054307,0.09105140433790106,7.8913723402804,92.1086276597196,0.14807748929451406,0.05702608495661304
2014,Infection,0.31914888195128766,0.10872991518289425,0.4278787971341819,74.58861810607624,25.41138189392375,0.6687316512160261,0.24085285408184395
2014,Other,0.9257409659095875,0.054803708873307676,0.9805446747828952,94.41089118295993,5.58910881704007,1.9180105600811297,0.937465885298234
2014,Circulatory diseases,0.056961619207056724,0.08407880288407943,0.14104042209113615,40.38673336516946,59.613266634830545,0.2296468582472617,0.08860643615612553
2014,Maternal complications,0.5807506124544707,0.028673684375541696,0.6094242968300124,95.29495549739467,4.705044502605332,0.8928669848653534,0.28344268803534073
2014,Placenta/cord/membranes,0.3194687675658386,-0.008235082366397212,0.3112336851994414,102.64594828838018,-2.6459482883801915,0.4923628640821291,0.18112917888268754
2014,Short gestation/LBW,1.6172940911120957,0.2102614143948612,1.8275555055069568,88.49493688365239,11.505063116347621,2.540812839647703,0.7132573341407452
2014,Hypoxia and birth asphyxia,0.06435679160784703,-0.006737607578541839,0.057619184029305194,111.69334084133347,-11.693340841333475,0.12860224061846653,0.07098305658916133
2014,Respiratory distress,0.18274179052913928,-0.025403126838336648,0.15733866369080263,116.14550819387797,-16.145508193877976,0.25720448123693307,0.09986581754613043
2014,Hemorrhage,0.14438833689059755,-0.05294601153652592,0.09144232535407162,157.90098986603297,-57.90098986603298,0.18739183632976553,0.09594951097569394
2014,Necrotizing enterocolitis,0.12699426526724786,0.03325912977400626,0.16025339504125413,79.24591253405623,20.75408746594376,0.2278096833812836,0.0675562883400294
2014,Congenital malformations,0.44964806922609607,-0.09030769222594957,0.3593403770001465,125.13151819449246,-25.131518194492447,1.4642283681845405,1.1048879911843938
2014,Sudden unexpected infant death,0.10891138177493548,0.7787223526899747,0.8876337344649101,12.26985608434432,87.73014391565569,1.7306187237513642,0.8429849892864538
2014,Unintentional injuries,0.012360841744658924,0.03987904539464008,0.052239887139299,23.661693050175284,76.33830694982471,0.1359509400823789,0.0837110529430799
2014,Assault (homicide),0.006564015501389342,0.0383102982409654,0.04487431374235474,14.627556287716281,85.37244371228373,0.10655614222672942,0.06168182848437467
2015,Infection,0.37716394520371344,0.11990278012029346,0.49706672532400686,75.87793066571973,24.12206933428028,0.7362877709294774,0.23922104560547042
2015,Other,0.994848730434513,0.1145661004688302,1.1094148309033431,89.67328565676877,10.326714343231245,2.055093139498492,0.9456783085951488
2015,Circulatory diseases,0.05626187121242991,0.06609868420085847,0.12236055541328839,45.98039868517944,54.01960131482056,0.2134691817436814,0.091108626330393
2015,Maternal complications,0.5464302770330548,-0.0495115054840961,0.4969187715489587,109.96370198086147,-9.963701980861474,0.7634236838629962,0.2665049123140373
2015,Placenta/cord/membranes,0.2867773375186505,-0.053813080542787974,0.2329642569758625,123.09928623443878,-23.09928623443877,0.4088477548650169,0.17588349788915442
2015,Short gestation/LBW,1.6162736994210316,0.16279112606267115,1.7790648254837027,90.8496237050603,9.150376294939704,2.4494684074656323,0.6704035819819293
2015,Hypoxia and birth asphyxia,0.06602076433039164,0.02441186124323235,0.090432625573624,73.00547110250835,26.994528897491648,0.15377017328994,0.063337547716316
2015,Respiratory distress,0.17974566846703086,0.029453891841138755,0.2091995603081696,85.92067220516594,14.079327794834054,0.2876406770952995,0.07844111678712981
2015,Hemorrhage,0.13120930530926025,-0.048228728585715065,0.0829805767235452,158.12050300203623,-58.12050300203623,0.1682426601878167,0.08526208346427153
2015,Necrotizing enterocolitis,0.12227518463611341,0.020340632422701812,0.1426158170588152,85.73746387869919,14.262536121300817,0.20985106001921222,0.06723524296039697
2015,Congenital malformations,0.47869395365929607,-0.10972939642210444,0.3689645572371916,129.7398203349825,-29.739820334982497,1.4924752113435351,1.1235106541063438
2015,Sudden unexpected infant death,0.10423477203680673,0.9456494217259487,1.0498841937627554,9.928216145747678,90.07178385425232,1.9049410879330213,0.8550568941702659
2015,Unintentional injuries,0.010380579251679657,0.03989303168421592,0.05027361093589558,20.648167216228103,79.3518327837719,0.15015205156547082,0.09987844062957522
2015,Assault (homicide),0.005920824907383305,0.06969188862265976,0.07561271353004306,7.830462141833852,92.16953785816617,0.1374886255298287,0.06187591199978563
2016,Infection,0.3702983730723821,0.11624837006970978,0.4865467431420919,76.10746105934565,23.892538940654344,0.7379980812049888,0.251451338062897
2016,Other,1.0401349022849797,0.03379740468003055,1.0739323069650102,96.85292969949441,3.1470703005056078,2.035794706933762,0.9618623999687517
2016,Circulatory diseases,0.0632808147557947,0.039720326642891886,0.10300114139868657,61.43700341227638,38.56299658772362,0.2069994618013993,0.10399832040271274
2016,Maternal complications,0.5232660508832326,0.023234275583003353,0.546500326466236,95.7485339975476,4.251466002452391,0.7793979735652687,0.23289764709903277
2016,Placenta/cord/membranes,0.27417872577664615,-0.03439218280969755,0.2397865429669486,114.3428327478903,-14.342832747890302,0.40139895636271344,0.16161241339576488
2016,Short gestation/LBW,1.5718551788255948,0.25440760363903075,1.8262627824646256,86.0694963462106,13.930503653789405,2.444393644576524,0.6181308621118983
2016,Hypoxia and birth asphyxia,0.07255078639477978,-0.010271955492206436,0.06227883090257335,116.49349440787591,-16.49349440787592,0.1403996349609491,0.07812080405837576
2016,Respiratory distress,0.192764439794016,-0.00818059055001617,0.18458384924399984,104.43191025841179,-4.431910258411783,0.2753992839618617,0.09081543471786184
2016,Hemorrhage,0.13849187375078695,-0.0589782135553281,0.07951366019545886,174.17368715054627,-74.17368715054627,0.16739956476113163,0.08788590456567275
2016,Necrotizing enterocolitis,0.11343064499546988,0.028266487507463793,0.14169713250293367,80.05147527817576,19.948524721824253,0.19979948052135066,0.05810234801841698
2016,Congenital malformations,0.47846589984096366,-0.05846287732372311,0.42000302251724053,113.91963252391197,-13.919632523911964,1.5551959564905131,1.135192933973273
2016,Sudden unexpected infant death,0.11367456424848849,0.9289574859317589,1.0426320501802473,10.902653935186123,89.09734606481389,1.8755951234526789,0.8329630732724317
2016,Unintentional injuries,0.006358388195265814,0.05582577928790665,0.062184167483172466,10.225091775951563,89.77490822404843,0.15299960220103428,0.09081543471786184
2016,Assault (homicide),0.00903588408452032,0.07262012305119973,0.08165600713572005,11.065792219673222,88.93420778032677,0.14219963028096128,0.06054362314524123
2017,Infection,0.34396399230601155,0.06725657008736267,0.41122056239337423,83.64464809446349,16.35535190553651,0.6434279835612216,0.23220742116784718
2017,Other,0.9634886529073147,0.11702442963009149,1.080513082537406,89.16954995535279,10.830450044647215,1.9750909133272039,0.8945778307897974
2017,Circulatory diseases,0.0600230137821288,0.08409879843050963,0.14412181221263842,41.64741815317336,58.352581846826645,0.2347884842521449,0.09066667203950649
2017,Maternal complications,0.5199534983825875,0.05575825748070074,0.5757117558632883,90.31490031029671,9.685099689703298,0.7993562135607376,0.22364445769744934
2017,Placenta/cord/membranes,0.2807703730004751,-0.07816967487046733,0.20260069813000775,138.58312216688725,-38.58312216688724,0.3763784862057285,0.17377778807572078
2017,Short gestation/LBW,1.5173258408452706,0.19189732425185554,1.7092231650971261,88.77283387152367,11.227166128476327,2.319208386429584,0.6099852213324575
2017,Hypoxia and birth asphyxia,0.07245186232459669,0.004500156182370459,0.07695201850696715,94.15199721893842,5.848002781061578,0.14696683747080824,0.07001481896384112
2017,Respiratory distress,0.17397347467719507,-0.03142140454182851,0.14255207013536655,122.0420541855274,-22.042054185527395,0.23120392724066177,0.08865185710529525
2017,Hemorrhage,0.12971456531228318,-0.08237579240968923,0.047338772902593945,274.0133665466758,-174.0133665466758,0.13800544494210043,0.09066667203950649
2017,Necrotizing enterocolitis,0.103803431752675,0.013691396022955016,0.11749482777563001,88.34723512331935,11.652764876680633,0.17743557206841487,0.05994074429278485
2017,Congenital malformations,0.4837710779484011,-0.09075210534913516,0.3930189725992659,123.09102401569525,-23.091024015695236,1.4553301466621502,1.0623111740628843
2017,Sudden unexpected infant death,0.11917899046487662,0.9417003290286474,1.060879319493524,11.233981874750281,88.76601812524973,1.9141534441319905,0.8532741246384666
2017,Unintentional injuries,0.008020825779335765,0.06872064337714572,0.07674146915648147,10.451749057580216,89.5482509424198,0.16488962252822392,0.08814815337174242
2017,Assault (homicide),0.011128350302084134,0.11712014850799526,0.1282484988100794,8.677177826902973,91.32282217309702,0.18818924310286425,0.05994074429278485
2018,Infection,0.3347909755186004,0.05001327387584045,0.3848042493944408,87.0029309825592,12.99706901744079,0.6243413017243105,0.2395370523298697
2018,Other,1.0004396593352323,-0.03393979476552185,0.9664998645697104,103.51161919516998,-3.511619195169984,1.8784846162667304,0.91198475169702
2018,Circulatory diseases,0.05829783523217824,0.04311475725455632,0.10141259248673457,57.4857952081286,42.51420479187139,0.19476536234548464,0.09335276985875009
2018,Maternal complications,0.5072453701287929,0.0075716485287865,0.5148170186575793,98.52925442353673,1.4707455764632826,0.7353757606315494,0.22055874197396996
2018,Placenta/cord/membranes,0.23439800015120543,-0.07086053219655145,0.163537467954654,143.32984549828043,-43.329845498280434,0.3112605323465222,0.14772306439186825
2018,Short gestation/LBW,1.553751725984784,0.22689339599121836,1.7806451219760022,87.25779813220548,12.742201867794531,2.3735890887711397,0.5929439667951378
2018,Hypoxia and birth asphyxia,0.08482962584520717,0.015157248714743334,0.0999868745599505,84.84076156850439,15.15923843149562,0.16564156984522524,0.06565469528527478
2018,Respiratory distress,0.16435294980547444,-0.02981311219138866,0.13453983761408578,122.15931929166186,-22.15931929166187,0.21660820672067918,0.08206836910659347
2018,Hemorrhage,0.13661598219507903,-0.07506711511392143,0.0615488670811576,221.96343925378645,-121.96343925378648,0.14925943656382934,0.08771056948267178
2018,Necrotizing enterocolitis,0.10363259131563154,0.02196910805020662,0.12560169936583818,82.5089085887146,17.491091411285392,0.18202370312662114,0.05642200376078302
2018,Congenital malformations,0.5261631773021829,-0.06024400424519488,0.465919173056988,112.93014061858027,-12.930140618580266,1.5635836098576759,1.0976644368006878
2018,Sudden unexpected infant death,0.11795353416242729,0.9435194056408233,1.0614729398032505,11.112250698005601,88.8877493019944,1.8657429570478667,0.804270017244616
2018,Unintentional injuries,0.00818717644872346,0.06002974562234482,0.06821692207106828,12.001679642177455,87.99832035782255,0.14925943656382934,0.08104251449276106
2018,Assault (homicide),0.00548086336278171,0.07181880149042148,0.07729966485320319,7.090410253641082,92.90958974635892,0.13833801437623205,0.0610383495230289
2019,Infection,0.3680924087671586,0.1155543624102109,0.4836467711773695,76.10769485157314,23.892305148426853,0.7262030947988455,0.24255632362147592
2019,Other,0.967557598025028,0.04144981863765963,1.0090074166626877,95.89202041995333,4.1079795800466705,1.9016985083495017,0.8926910916868143
2019,Circulatory diseases,0.052929139565441624,0.04584916800623176,0.09877830757167338,53.58376840688055,46.41623159311944,0.1852184660976853,0.08644015852601195
2019,Maternal complications,0.45166295440356524,-0.01229604052970775,0.4393669138738575,102.79858135454367,-2.798581354543676,0.6436800158444311,0.20431310197057367
2019,Placenta/cord/membranes,0.2615076589361606,-0.04325859495764997,0.21824906397851065,119.82074707175346,-19.820747071753452,0.3649353935984097,0.14668632961989905
2019,Short gestation/LBW,1.477833697463424,0.2523494785044765,1.7301831759679005,85.41486924566199,14.585130754338016,2.2813046715398073,0.5511214955719065
2019,Hypoxia and birth asphyxia,0.09142056783997327,0.005260618264700661,0.09668118610467392,94.55879837985734,5.441201620142663,0.17421538890376342,0.0775342027990895
2019,Respiratory distress,0.16990311133878092,-0.07557698039435401,0.0943261309444269,180.12305777587855,-80.12305777587854,0.19072000469464628,0.09639387375021938
2019,Hemorrhage,0.13554755428707513,-0.049607238423263575,0.08594031586381155,157.7228951565357,-57.722895156535714,0.1650461579088285,0.07910584204501699
2019,Necrotizing enterocolitis,0.12253972572258867,0.03413236857010725,0.1566720942926959,78.2141365223976,21.785863477602412,0.220061543878438,0.0633894495857421
2019,Congenital malformations,0.4849408673650425,-0.12483196604910433,0.36010890131593815,134.66505981744234,-34.665059817442334,1.3973908036280813,1.0372819023121433
2019,Sudden unexpected infant death,0.11734293295245518,0.9940816391761494,1.1114245721286047,10.557885428762793,89.4421145712372,1.8925292773545668,0.7811047052259624
2019,Unintentional injuries,0.012668149745781324,0.02559269910184512,0.03826084884762644,33.109954764025595,66.8900452359744,0.12103384913314091,0.08277300028551447
2019,Assault (homicide),0.008399845528981298,0.0969234868771261,0.10532333240610739,7.9752941129825246,92.02470588701748,0.16137846551085452,0.05605513310474714
2020,Infection,0.34229500089133585,0.13519633060925138,0.4774913315005872,71.68611832504334,28.31388167495667,0.6963471186029038,0.2188557871023167
2020,Other,0.9518700607291849,0.0017393965192930053,0.9536094572484779,99.81759865046726,0.18240134953273415,1.8442762923215872,0.8906668350731098
2020,Circulatory diseases,0.04940857899660432,0.0510312153559746,0.10043979435257892,49.192234328121856,50.807765671878144,0.19353516647819125,0.09309537212561234
2020,Maternal complications,0.43443951680808335,-0.01647957863866017,0.4179599381694232,103.94286081839262,-3.9428608183926115,0.6128613605142722,0.1949014223448492
2020,Placenta/cord/membranes,0.2566795408602216,-0.02664945055933581,0.23003009030088578,111.58520197269739,-11.58520197269739,0.38137812217761213,0.1513480318767265
2020,Short gestation/LBW,1.3742910785766609,0.15652276832931541,1.5308138469059762,89.77519254573811,10.224807454261887,2.0719647234724006,0.5411508765664249
2020,Hypoxia and birth asphyxia,0.08242708205877816,0.016508375992157015,0.09893545805093518,83.31399447945348,16.686005520546505,0.16317670899141615,0.06424125094048103
2020,Respiratory distress,0.16340360803167026,-0.05372483268472905,0.1096787753469412,148.98380066223757,-48.983800662237584,0.19732997366403815,0.08765119831709699
2020,Hemorrhage,0.12125138355291794,-0.06574040012919466,0.05551098342372328,218.42773461134487,-118.4277346113449,0.13281825150464105,0.07730726808091784
2020,Necrotizing enterocolitis,0.10384714135784481,0.02059536119254319,0.124442502550388,83.44989792839958,16.550102071600435,0.1821507449206506,0.05770824237026262
2020,Congenital malformations,0.4781468313925452,-0.20964857645347487,0.2684982549390703,178.08191397782082,-78.0819139778208,1.3224903042676401,1.05399204932857
2020,Sudden unexpected infant death,0.11481754017918075,1.2643904431682467,1.3792079833474273,8.32488947029665,91.67511052970335,2.1326816384459506,0.7534736550985233
2020,Unintentional injuries,0.009738195988943408,0.05582033726036241,0.06555853324930581,14.854200523234745,85.14579947676526,0.13851046228341138,0.07295192903410558
2020,Assault (homicide),0.009844709650221384,0.08641700493679762,0.096261714587019,10.227025035297837,89.77297496470216,0.1517922874338755,0.055530572846856474
2021,Infection,0.32684519800899037,0.0890208785925859,0.41586607660157626,78.59385903268252,21.406140967317477,0.6497309919743676,0.2338649153727913
2021,Other,0.9037604003721427,0.07218242833952326,0.9759428287116659,92.60382614473322,7.3961738552667775,1.8502787055031247,0.8743358767914584
2021,Circulatory diseases,0.059074483190566934,0.06534924323168771,0.12442372642225465,47.478471260446646,52.52152873955335,0.2094655138305424,0.08504178740828774
2021,Maternal complications,0.40891405830535277,0.025695591236921025,0.43460964954227377,94.08766205168631,5.912337948313699,0.6206385594979034,0.18602890995562946
2021,Placenta/cord/membranes,0.20620234657015193,-0.0217209380110041,0.18448140855914782,111.7740525620716,-11.774052562071589,0.32001675724110645,0.1355353486819586
2021,Short gestation/LBW,1.1943322342748095,0.1750872739979363,1.3694195082727458,87.2144895745808,12.785510425419202,1.8541576964999864,0.4847381882272402
2021,Hypoxia and birth asphyxia,0.08102386034834748,-0.007027016885297465,0.07399684346305001,109.4963738403333,-9.496373840333304,0.15903863087133774,0.08504178740828774
2021,Respiratory distress,0.1644798697815275,-0.008464567824048976,0.15601530195747854,105.42547283365576,-5.425472833655744,0.23467895531014474,0.07866365335266616
2021,Hemorrhage,0.12022829074946208,-0.02255626654266126,0.09767202420680082,123.0938866331908,-23.093886633190806,0.17261509936035438,0.07494307515355358
2021,Necrotizing enterocolitis,0.11203133893067306,0.02151248657079296,0.133543825501466,83.89106610506916,16.108933894930843,0.19201005434466387,0.058466228843197826
2021,Congenital malformations,0.47621152516246146,-0.1248737363328514,0.3513377888296101,135.54235846614608,-35.54235846614609,1.3537678579048018,1.002430069075192
2021,Sudden unexpected infant death,0.14309937448993154,1.3352394666298164,1.478338841119748,9.679741241293696,90.3202587587063,2.3021811566375354,0.8238423155177875
2021,Unintentional injuries,0.0074360468049650364,0.10240446156372325,0.10984050836868829,6.769858329502046,93.23014167049794,0.18425207235094007,0.07441156398225178
2021,Assault (homicide),0.00913386344221386,0.09813349823704624,0.1072673616792601,8.515044370649298,91.48495562935071,0.16679661286506156,0.05952925118580143
2022,Infection,0.359149598997261,0.09034310862919634,0.4494927076264573,79.90109581393381,20.0989041860662,0.7012732922914939,0.25178058466503644
2022,Other,1.026619310113637,0.2344902425184631,1.2611095526321001,81.40603708622685,18.593962913773144,2.229538338237663,0.9684287856055623
2022,Circulatory diseases,0.0491366457330927,0.06773142555576214,0.11686807128885485,42.044542355495025,57.95545764450497,0.1964350958799703,0.07956702459111542
2022,Maternal complications,0.43446912057948356,-0.006201624954449137,0.4282674956250344,101.44807276242112,-1.4480727624211087,0.6364497106511038,0.2081822150260691
2022,Placenta/cord/membranes,0.20040415064185269,-0.04821887691740784,0.15218527372444485,131.68432512380642,-31.68432512380641,0.28679523998475664,0.1346099662603117
2022,Short gestation/LBW,1.218924338272291,0.09005332612404311,1.308977664396334,93.12033134151504,6.879668658484967,1.8032741801781274,0.49429651578179234
2022,Hypoxia and birth asphyxia,0.08341340642737581,0.006828143156108704,0.09024154958348451,92.43348192974918,7.566518070250814,0.17089853341557418,0.08065698383208961
2022,Respiratory distress,0.20145163859633178,-0.03992423162510914,0.16152740697122264,124.71669196808313,-24.716691968083136,0.2612586775203605,0.09973127054913782
2022,Hemorrhage,0.11702086230671392,-0.08112231537494423,0.03589854693176969,325.97659879974736,-225.9765987997474,0.11982540848678189,0.08392686155501215
2022,Necrotizing enterocolitis,0.12241662754627268,0.007099819587975022,0.1295164471342477,94.51821004585167,5.481789954148329,0.20036379779756971,0.07084735066332194
2022,Congenital malformations,0.41198163336745414,-0.05883335874711372,0.35314827462034043,116.65967611207041,-16.659676112070425,1.3259368971897993,0.972788622569459
2022,Sudden unexpected infant death,0.14693961504408404,1.4622232125375882,1.6091628275816723,9.131432352617292,90.8685676473827,2.429902136035232,0.8207393084535604
2022,Unintentional injuries,0.008459321083877805,0.05046645773300125,0.058925778816879056,14.355891858750732,85.64410814124926,0.14339761999237832,0.08447184117549925
2022,Assault (homicide),0.004396811659601199,0.07304615262860813,0.07744296428820932,5.67748368107161,94.3225163189284,0.1335758651983798,0.056132900910170466
2023,Infection,0.37028678521313374,0.11893845003759211,0.48922523525072587,75.68840659320514,24.31159340679486,0.7479676125936492,0.2587423773429235
2023,Other,1.0042332417730253,0.10243061099068711,1.1066638527637125,90.74419836385877,9.255801636141216,2.0742817671654477,0.9676179144017355
2023,Circulatory diseases,0.050359649813241744,0.061437656919530195,0.11179730673277194,45.04549464113295,54.95450535886705,0.1982318536108852,0.08643454687811326
2023,Maternal complications,0.4062139921591826,-0.02230898895507136,0.3839050032041112,105.81107012643187,-5.811070126431854,0.5865210514054026,0.20261604820129145
2023,Placenta/cord/membranes,0.18568438713460025,-0.036597183689760095,0.14908720344484017,124.5475016259866,-24.547501625986605,0.2697588110993489,0.12067160765450877
2023,Short gestation/LBW,1.1747782417000217,0.24436033850651706,1.4191385802065386,82.78107988079971,17.21892011920029,1.8821807956250025,0.46304221541846385
2023,Hypoxia and birth asphyxia,0.0919110345817368,-0.013373028849393159,0.07853800573234364,117.0274617042967,-17.027461704296698,0.1655338159018732,0.08699581016952956
2023,Respiratory distress,0.1808573835927183,-0.06469901293403506,0.11615837065868324,155.69896733843225,-55.69896733843226,0.2166244998222044,0.10046612916352125
2023,Hemorrhage,0.12346281801842839,-0.043198008276695975,0.08026480974173242,153.8193617049538,-53.81936170495381,0.15940293383143345,0.0791381240897011
2023,Necrotizing enterocolitis,0.12452699766361314,0.008195462525274873,0.132722460188888,93.82511255923734,6.174887440762665,0.20231910832451167,0.06959664813562366
2023,Congenital malformations,0.4529917227591247,-0.020061881780642266,0.4329298409784824,104.6339798927465,-4.633979892746499,1.4387136591965275,1.005783818218045
2023,Sudden unexpected infant death,0.13835021523075192,1.3727032551687932,1.511053470399545,9.155878196300364,90.84412180369964,2.3276915594102907,0.8166380890107453
2023,Unintentional injuries,0.012651785381048365,0.08589027303343073,0.0985420584144791,12.838970064775305,87.16102993522469,0.16757744325868643,0.06903538484420735
2023,Assault (homicide),0.006344206774304214,0.10438723237762165,0.11073143915192586,5.729363605217692,94.27063639478231,0.16349018854505992,0.05275874939313407
2024,Infection,0.35160049721935555,0.16589784561060011,0.5174983428299557,67.94234263565316,32.05765736434684,0.7538307342099005,0.23633239137994483
2024,Other,1.0141626389298442,0.07218926315261574,1.08635190208246,93.35489144776807,6.645108552231926,2.0682567186491356,0.9819048165666756
2024,Circulatory diseases,0.055533395092075444,0.07834388733173217,0.13387728242380761,41.48082041005028,58.51917958994972,0.21659361940678828,0.08271633698298068
2024,Maternal complications,0.4405806457042598,0.005504198993390714,0.44608484469765053,98.76610939402764,1.2338906059723629,0.6497808582203649,0.20369601352271435
2024,Placenta/cord/membranes,0.190104654683907,-0.024543623361065227,0.16556103132284178,114.82451707685095,-14.824517076850949,0.2887914925423844,0.12323046121954268
2024,Short gestation/LBW,1.2459394775724162,0.19037197598111935,1.4363114535535355,86.74577331329318,13.254226686706822,1.9281079060918018,0.49179645253826615
2024,Hypoxia and birth asphyxia,0.09259934111840665,0.014543628859465186,0.10714296997787183,86.42596069301712,13.574039306982877,0.19323548398056603,0.08609251400269419
2024,Respiratory distress,0.20114951089210487,-0.017072930839272304,0.18407658005283256,109.2749065820172,-9.274906582017188,0.2802976251146672,0.09622104506183468
2024,Hemorrhage,0.1163419145288972,-0.05478982306356533,0.06155209146533187,189.0137471517515,-89.01374715175152,0.1465192131281215,0.08496712166278969
2024,Necrotizing enterocolitis,0.11661477305027222,0.023090681840383865,0.13970545489065608,83.47188242688422,16.52811757311578,0.2038528182652125,0.06414736337455645
2024,Congenital malformations,0.4376042062320412,-0.013720538633088523,0.4238836675989527,103.23686418748031,-3.236864187480297,1.414228926714912,0.9903452591159593
2024,Sudden unexpected infant death,0.12282713678376757,1.4396281688103345,1.5624553055941022,7.861161618127966,92.13883838187202,2.301838072911358,0.7393827673172559
2024,Unintentional injuries,0.009091870486790807,0.07090187676408553,0.07999374725087634,11.365726446439481,88.63427355356053,0.1486426799850508,0.06864893273417445
2024,Assault (homicide),0.008884396525064838,0.0851233300961843,0.09400772662124914,9.450708834667898,90.54929116533211,0.1401488125573336,0.046141085936084465
