year,cause_of_death,composition_effect,rate_effect,gap,composition_lo,composition_hi,rate_lo,rate_hi,gap_lo,gap_hi
2003,Infection,0.3930850373795756,0.1695941748675986,0.5626792122471742,0.3651390092050839,0.4217132558854571,0.10435601296085832,0.23056096296221457,0.4883853797050129,0.6359171705388591
2003,Other,1.3106223081198254,0.30611789245429527,1.6167402005741207,1.2576737281264847,1.3602573669617704,0.1823388693481256,0.4169074907511451,1.4842923020806371,1.7480306557815775
2003,Circulatory diseases,0.07485386295881505,0.10613717079210405,0.1809910337509191,0.0631638397768794,0.08547550897670719,0.06137498017308061,0.15265210671888516,0.13320641511624182,0.23269519239964215
2003,Maternal complications,0.658071758096432,-0.07756402405607325,0.5805077340403588,0.6186889559405141,0.6967593171483032,-0.15485300426843093,-0.012322206619697917,0.49515411506049595,0.6635857500023276
2003,Placenta/cord/membranes,0.3734782602353174,-0.11036873843086864,0.26310952180444874,0.3453426756589953,0.39946726634642915,-0.16602505063768674,-0.055676871928455926,0.20347040784982795,0.3189494633126464
2003,Short gestation/LBW,1.8950578028219858,0.3699388357919518,2.2649966386139377,1.8334213767897702,1.9574010895418223,0.25559488001524133,0.49222305095050217,2.1204694918394624,2.419071986683398
2003,Hypoxia and birth asphyxia,0.07936330920483946,0.009986601574832325,0.08934991077967178,0.06644181586422541,0.09242233074321067,-0.025393704253151555,0.04831490945058094,0.051188363103953444,0.13191863093110986
2003,Respiratory distress,0.3087752660683605,-0.02844137121155465,0.2803338948568058,0.2843051487210906,0.3350634799013209,-0.07741264040963414,0.020748938756245852,0.2268781138906068,0.3391848476266766
2003,Hemorrhage,0.21593694617764111,-0.11978968415819231,0.0961472620194488,0.1957526061937103,0.23627155512907863,-0.1593228832250362,-0.07881039932773219,0.05327954678213631,0.1364796783393924
2003,Necrotizing enterocolitis,0.12379375939510101,0.07894639873601927,0.20274015813112028,0.10865632024980446,0.1391466949891093,0.04231459283339111,0.11481037467519084,0.16069866644969336,0.24572199006050116
2003,Congenital malformations,0.5205405793868519,-0.145150787781112,0.37538979160573993,0.48985839598334924,0.5510014922759521,-0.2595390971125669,-0.031960975589113594,0.25974068290873104,0.49033587893539354
2003,SIDS (R95),0.044565465934951545,0.537925772219506,0.5824912381544576,0.033931352325627155,0.05529327580452857,0.4461258355573194,0.6210645091901863,0.4921114081343329,0.667449126577996
2003,Ill-defined/unspecified (R99),0.04992072057276749,0.2632455085658911,0.31316622913865855,0.03980934834064413,0.060800649611144744,0.2029943094364838,0.3239392136294688,0.25181025530979845,0.3767440765250502
2003,Unintentional injuries,0.008327494115745392,0.052439697121815496,0.060767191237560886,0.003220828366407731,0.013267409502349548,0.01405448643351309,0.09100312092637336,0.023038181411005897,0.09944511559613124
2003,Accidental suffocation in bed (W75),0.006743389974005913,0.11919121663645121,0.12593460661045713,0.002301227920498929,0.01166937266409206,0.07796739421080974,0.15941257129586983,0.08385221793698686,0.16582363329407823
2003,Assault (homicide),0.006107475543945109,0.08905825866646536,0.09516573421041047,0.0017917311836021055,0.010530232629526083,0.058013955743981487,0.11961151652829746,0.06407929459301641,0.12720159957222044
2004,Infection,0.39791857802895425,0.13359751758766475,0.5315160956166189,0.37007174533659326,0.4275675776645916,0.07000572657783997,0.1969979468753409,0.4568177443847945,0.6015550351482907
2004,Other,1.306992367968863,0.3442332938310785,1.6512256617999417,1.2576255371671312,1.3541854117440713,0.21868166967441455,0.47198900504768515,1.5091561044562165,1.7919592305601537
2004,Circulatory diseases,0.07926690658229599,0.0425651700915084,0.12183207667380438,0.06656799313850331,0.09179584553509738,0.0012697681941585314,0.08315522107880459,0.07895902279832437,0.1637817937097923
2004,Maternal complications,0.6706693315348099,0.03375533677334097,0.7044246683081509,0.6345039271011939,0.7075012160336459,-0.039980833935412304,0.10291374396499,0.6187250287124109,0.787503025037352
2004,Placenta/cord/membranes,0.34016883505281836,-0.0644210251885433,0.27574780986427505,0.3129114539066951,0.3657927053233231,-0.11782079402543359,-0.008989133488894884,0.21539538700855063,0.3369322800703347
2004,Short gestation/LBW,1.814956609365345,0.31785917548789383,2.1328157848532387,1.750077046075646,1.8768454918586175,0.20316186889102536,0.4309138301542279,1.9890062048506685,2.2719368945169625
2004,Hypoxia and birth asphyxia,0.08378525607157838,0.017562271296788078,0.10134752736836647,0.07061679753426184,0.09669438239277987,-0.019024931448126257,0.058402601010264454,0.061167832933611777,0.14507385429072034
2004,Respiratory distress,0.3213268553131424,-0.00695729963010153,0.31436955568304087,0.29501122746591785,0.3463413355105855,-0.0536215965471761,0.04619412881275532,0.2583683568428705,0.37648537865089
2004,Hemorrhage,0.201885851494579,-0.05207302434566183,0.14981282714891717,0.181279051864642,0.22250063605122103,-0.09182558287870903,-0.009456048740672764,0.1069132499537578,0.19746876911681205
2004,Necrotizing enterocolitis,0.1422308348697729,0.04227649299322858,0.18450732786300147,0.1259792930627331,0.15899866068196625,0.005302957931176221,0.07877280843057949,0.1403480648037828,0.2282062077639691
2004,Congenital malformations,0.5235510073737751,-0.14909895951919205,0.3744520478545831,0.4943006022260184,0.5529917064569027,-0.2515534221768175,-0.04094229514498666,0.2686921950235689,0.4750717950313676
2004,SIDS (R95),0.0547989905733732,0.5154256252111715,0.5702246157845448,0.04403024438955548,0.06602745050468432,0.43128123234046056,0.6089473441610688,0.48405854588485464,0.6664073300599014
2004,Ill-defined/unspecified (R99),0.045024291421601054,0.33166919357689295,0.376693484998494,0.0350717404556063,0.05551196874002624,0.2677288299372931,0.3957587361455953,0.3120450981302731,0.4410547533014946
2004,Unintentional injuries,0.009934320477900554,0.06163333997145043,0.07156766044935098,0.005051267121080725,0.015572395656503452,0.02385538346335148,0.10091787166275037,0.03217153242814303,0.11130361411783495
2004,Accidental suffocation in bed (W75),0.010618635626793594,0.13261950619150906,0.14323814181830266,0.0055249660566339,0.016261556316166135,0.08752642478239614,0.17578688536111292,0.09734690722651237,0.18652748943866715
2004,Assault (homicide),0.005595722820398788,0.07586707807041683,0.08146280089081562,0.0018814508158637585,0.009408272088711858,0.045813935962570135,0.10777522984152055,0.05170142376719421,0.11424126084989185
2005,Infection,0.4160497508987506,0.09868738280948251,0.5147371337082332,0.3891937574477967,0.4476036341632757,0.03213221146843005,0.16642700813002675,0.44639928578212373,0.5928657275731863
2005,Other,1.3715496043056874,0.24049030158905335,1.6120399058947408,1.3201553753625987,1.4260582566925548,0.1129818255266727,0.3549017581958138,1.468993619869195,1.744836653650162
2005,Circulatory diseases,0.06303323970845041,0.08618682189847038,0.1492200616069208,0.05202323062400335,0.07405158743421865,0.04700758438155098,0.12583053107021006,0.10564437036246814,0.19164967275284533
2005,Maternal complications,0.6968754256101656,0.0037431530141436124,0.7006185786243092,0.6586665789763847,0.7336340669133627,-0.07153789250719295,0.07364439402194112,0.6161897600511482,0.78625644257478855
2005,Placenta/cord/membranes,0.3877106225778809,-0.14817723773660807,0.23953338484127285,0.3584076966781547,0.41642782607672113,-0.2028143646602996,-0.09546980389597096,0.18290333326778363,0.2975327286623315
2005,Short gestation/LBW,1.8732578881704762,0.32475975561067194,2.198017643781148,1.809387552641259,1.940738127048151,0.21267847319039843,0.44207177943790765,2.060291540288186,2.343057988556191
2005,Hypoxia and birth asphyxia,0.07574461207213708,-0.014211554828492134,0.06153305724364494,0.06394338911102859,0.0883149681101982,-0.05139244656870091,0.023199807532232945,0.021768012581543216,0.10105281777113152
2005,Respiratory distress,0.3318641388592777,-0.027258163095243225,0.3046059757640345,0.3062577769416415,0.3602783882956999,-0.0744192881613893,0.022858058840810033,0.24939822334721512,0.3610803210404098
2005,Hemorrhage,0.225828698364721,-0.1320490870677147,0.0937796112970063,0.20420534293578133,0.2462677493057917,-0.17384470330797644,-0.08679104499380016,0.05550816950285163,0.14112151238855747
2005,Necrotizing enterocolitis,0.17088934806627773,0.04982921124809253,0.22071855931437026,0.1531739083894188,0.18959917011299351,0.013395120530347951,0.0885700721932884,0.17754630758084605,0.2683033986292852
2005,Congenital malformations,0.5296251572144173,-0.11101676573452557,0.4186083914798917,0.5007582963169743,0.5598219049217691,-0.21397759968119404,-0.007175941222432257,0.3132605420434712,0.5269297935911149
2005,SIDS (R95),0.052433006000351605,0.38217122823523714,0.43460423423558875,0.04215128157844365,0.06384628910598733,0.29796697218839335,0.4738729616247725,0.3462195623978577,0.5245004254822296
2005,Ill-defined/unspecified (R99),0.058508918864796214,0.31884706026569415,0.37735597913049035,0.047276327700205144,0.07002435299452275,0.25808027476170436,0.38992856234465584,0.31324098300387837,0.44837828760384935
2005,Unintentional injuries,0.008358602440615898,0.08802630475282444,0.09638490719344034,0.0037364414129877873,0.012586815080112279,0.049384841105196475,0.13005434755197826,0.05723149074301537,0.1379325436830946
2005,Accidental suffocation in bed (W75),0.010440916689574663,0.10463637275979333,0.11507728944936799,0.005058241491354688,0.015660536161815484,0.0649833544152203,0.14784330678143398,0.0751785181113043,0.15758398455569606
2005,Assault (homicide),0.004919076314259804,0.07914929347134031,0.08406836978560012,0.0012390946133223188,0.00909989846173926,0.04815310095215263,0.10984567474235725,0.05197165535201741,0.11532020499677932
2006,Infection,0.37345686367064057,0.17007650827074108,0.5435333719413816,0.34620154575254153,0.4007179221396078,0.10804070133548882,0.2361015734771317,0.47496259696234017,0.6214563678139523
2006,Other,1.2906157803818143,0.286146027769229,1.5767618081510433,1.242761326082827,1.3409685514393253,0.16709898209713717,0.4102470319688788,1.4470701580572234,1.708739974766259
2006,Circulatory diseases,0.060500155997456374,0.0911156864616403,0.15161584245909668,0.05022304453047786,0.07110607820223458,0.05141955878945609,0.13064428458217503,0.11129156036408575,0.19662641481381504
2006,Maternal complications,0.610328752249533,-0.05806157639988145,0.5522671758496516,0.5746958752418712,0.6440150799546457,-0.12528392737842578,0.0034575239308837747,0.47238149720468514,0.6268071687239741
2006,Placenta/cord/membranes,0.35845416730436075,-8.488567240093753e-4,0.3576053105803514,0.331882918623557,0.3880697522415811,-0.052708013287945464,0.05069483827110939,0.2951629242757951,0.4212478711634614
2006,Short gestation/LBW,1.8130988501121037,0.3479770154213657,2.161075865533469,1.749147431553838,1.8739122372793735,0.23007081227476006,0.4591126991674645,2.0189713452275098,2.301904265247926
2006,Hypoxia and birth asphyxia,0.05512887025210765,-0.0072667064353307675,0.04786216381677688,0.04490258594481836,0.06599667273268578,-0.03329789861750713,0.01903067409541901,0.019523513376397936,0.07597376720776747
2006,Respiratory distress,0.2955169974628526,-0.028156904434853837,0.26736009302799874,0.2715795135908134,0.32078510454580317,-0.07636564987730923,0.022605699883816877,0.21658015060573585,0.32207189691043575
2006,Hemorrhage,0.2051483788883996,-0.07728231963470589,0.1278660592536937,0.1858772064605014,0.2280347727963028,-0.11720389806956119,-0.035019336158113444,0.0857843535952079,0.17376732626078634
2006,Necrotizing enterocolitis,0.1535191497562568,0.07655158610771473,0.23007073586397153,0.13777497909862635,0.1707916896209127,0.042427970032467406,0.11432608285864307,0.18833060712202845,0.27628754950663176
2006,Congenital malformations,0.5335246844619843,-0.05179523398376232,0.481729450478222,0.5035532334901718,0.5629374753230629,-0.16880469885168994,0.05409034316148765,0.3636732006093869,0.586590990278404
2006,SIDS (R95),0.04657120988000457,0.42938195845930266,0.47595316833930723,0.03541179894271695,0.05716527347331309,0.3515644787829257,0.5163647100176134,0.39662197660811793,0.5639046281848606
2006,Ill-defined/unspecified (R99),0.03876279853733933,0.2125972325378037,0.25136003107514304,0.029910270553915534,0.04796411826578058,0.15732980220724663,0.27106518903753857,0.1943051053725735,0.3117503912768807
2006,Unintentional injuries,0.01101124382728056,0.06280437753659385,0.0738156213638744,0.005816259538791169,0.016210412966859947,0.026853103448245635,0.10295309346891945,0.03753103691322675,0.11469650676714473
2006,Accidental suffocation in bed (W75),0.014345602269899407,0.17803320668059194,0.19237880895049136,0.008318828713956556,0.02045414223575862,0.13169102267117822,0.2226571991724426,0.14399183322247025,0.23773785932384195
2006,Assault (homicide),0.009086168033491108,0.06470871141794526,0.07379487945143637,0.00494132269180193,0.014016002608906883,0.0335831468614837,0.09593069767715372,0.04273464386020822,0.10681779781506005
2007,Infection,0.3802340567026312,0.10001136356656443,0.48024542026919564,0.3520318230192656,0.4086040366581689,0.03725233958079219,0.15941431298908557,0.40683431233431483,0.5522806682966447
2007,Other,1.2741699449788593,0.28032884591698903,1.5544987908958483,1.225904307508369,1.3235376326816324,0.16126100871751378,0.38704169393346943,1.414822646433279,1.6810846770033918
2007,Circulatory diseases,0.06802971622953118,0.08879279105511577,0.15682250728464694,0.05685160027859036,0.07902243806393922,0.04985870323241653,0.1312889196090561,0.1167236726926153,0.20160562012456257
2007,Maternal complications,0.6504024452422946,-0.036202401440048895,0.6142000438022457,0.614944812898302,0.685997647125321,-0.10734908016221628,0.029854087998344173,0.5309961027737348,0.6906961055323777
2007,Placenta/cord/membranes,0.35682951896909415,-0.04523177998818015,0.31159773898091403,0.3297331917807908,0.38331006844830423,-0.09423878934029781,0.008642233406372138,0.2536700746728139,0.37110475382524066
2007,Short gestation/LBW,1.8042708924599486,0.3190829425583514,2.1233538350183,1.7463103684467707,1.8641564556765442,0.20498688280827249,0.43394021199265614,1.9879831786916562,2.259631893401288
2007,Hypoxia and birth asphyxia,0.06628978756623234,-7.171540474831587e-4,0.06557263351874919,0.055053837618189175,0.07767669206857175,-0.029467929989021063,0.02618629752519128,0.03496991961300658,0.09664176406280935
2007,Respiratory distress,0.28670337577472854,-0.015357999595592937,0.2713453761791356,0.2631481108566643,0.31079731198263405,-0.05914060510133468,0.0308894103925622,0.2209121232691656,0.32543292660698037
2007,Hemorrhage,0.18294320798734937,-0.08370765860690142,0.09923554938044794,0.16379895996826307,0.20098784155662405,-0.12101420843414323,-0.04812372436018166,0.06140132687087613,0.13807058298157557
2007,Necrotizing enterocolitis,0.16186104398797996,0.07127186982794197,0.23313291381592194,0.14542296459803164,0.1796446002615414,0.03238486452327988,0.11091422376462047,0.18650227759825927,0.28103015008954196
2007,Congenital malformations,0.5396413853431297,-0.1359496364323058,0.4036917489108239,0.5114167307726573,0.5709888690699574,-0.24797579430169095,-0.01939221754821412,0.2952789892244591,0.5185380231131007
2007,SIDS (R95),0.06231930902050921,0.43632557514673487,0.49864488416724406,0.0508208002186468,0.07438103309100365,0.3489509134220842,0.5127404142873536,0.4094435359663402,0.57556152475168
2007,Ill-defined/unspecified (R99),0.04058458783512063,0.2528574739376798,0.29344206177280047,0.03131221162179032,0.04933013815380913,0.19673551179824264,0.30877291823846476,0.23592537116486303,0.3535110684051575
2007,Unintentional injuries,0.016858468212239786,0.08633109775244495,0.10318956596468473,0.01126836114220384,0.023048251976445427,0.043968542302327294,0.1254180945083717,0.05850343941461952,0.14202249446321683
2007,Accidental suffocation in bed (W75),0.013592163261040168,0.19023307170648843,0.2038252349675286,0.007165287669647063,0.02023146589839061,0.14451264237450404,0.24102374126406853,0.1553936042406703,0.25652957355334843
2007,Assault (homicide),0.005394019528220621,0.08422280727705132,0.08961682680527194,0.0014345600627826026,0.00909497891137529,0.052718507758180905,0.118671665471103,0.05881410225167484,0.12365885222805564
2008,Infection,0.331387690157267,0.05958644454328157,0.39097413470054854,0.3053309341591154,0.35367165095230507,6.130823378711707e-4,0.11929071367608804,0.322657273492064,0.45894654046097016
2008,Other,1.1959090940412682,0.3074719444608102,1.5033810385020785,1.1496298779352359,1.2499369272725502,0.18817749200992703,0.4243905114781263,1.378343871040562,1.6427323871302408
2008,Circulatory diseases,0.061160977285389065,0.09090436114718427,0.15206533843257333,0.05114491187225481,0.07141339419114054,0.052481752239102106,0.1267216838444754,0.11094960596015443,0.19045004097340007
2008,Maternal complications,0.619054625297124,-0.09029743178243899,0.528757193514685,0.5856411587917666,0.6543770543799263,-0.15465474425981088,-0.024269441638187693,0.45505767304771905,0.6046874186827136
2008,Placenta/cord/membranes,0.33739561142736557,-0.07110266433681961,0.26629294709054596,0.31053786520938004,0.36238046208382346,-0.12407075732297441,-0.018998478021356503,0.20969941213592863,0.3240514365101145
2008,Short gestation/LBW,1.6965441209055072,0.2983940475932036,1.9949381684987109,1.6412100801682783,1.7544231697895916,0.17798664153667837,0.40239986256188287,1.8540522099119685,2.1181329433356875
2008,Hypoxia and birth asphyxia,0.06784355767798923,2.2855592959789006e-4,0.06807211360758712,0.057444653937568285,0.07943512250008848,-0.027336958655566138,0.0284924700953921,0.036206124571218974,0.10115296269940302
2008,Respiratory distress,0.21929397439417658,-0.004251166099911673,0.21504280829426492,0.1992762056853525,0.23988344004011208,-0.04543988342117343,0.03836646773932986,0.16873757823700863,0.26264559961569495
2008,Hemorrhage,0.17262217531387913,-0.026552465790317264,0.14606970952356188,0.15427976982536165,0.19190423890562014,-0.06286934717519897,0.011094475018447632,0.10461730024466993,0.18986484881444363
2008,Necrotizing enterocolitis,0.16461186500284652,0.06566081913790556,0.23027268414075208,0.1473779689487607,0.18131595285664875,0.025901051617585543,0.10322278415099559,0.18397075468751853,0.274797860833588
2008,Congenital malformations,0.4736256012456043,-0.17723931920896405,0.2963862820366403,0.44692460532429484,0.5016350870862463,-0.2843799552102848,-0.06754260790145113,0.18821220981379766,0.40562900856946227
2008,SIDS (R95),0.06506001128396277,0.45457141078327196,0.5196314220672347,0.05413318708987667,0.07699834862701864,0.37121161211681863,0.5375946837229483,0.4331152550014846,0.6047603137257339
2008,Ill-defined/unspecified (R99),0.04625505837107412,0.29038564919810683,0.33664070756918096,0.037597482075803115,0.05659865432617366,0.22947595920784708,0.34788929818140185,0.27519765851868255,0.3976443736760362
2008,Unintentional injuries,0.011791308194261333,0.062439451480397944,0.07423075967465928,0.0069293747054333795,0.01711807437097348,0.022087509845159656,0.101878694802514,0.034144656902258305,0.11346762196628257
2008,Accidental suffocation in bed (W75),0.011335157199236256,0.16465827677055658,0.17599343396979283,0.005059498258166893,0.017399131458915838,0.11620815106936432,0.21494537521822066,0.12678631131822893,0.22546635285811292
2008,Assault (homicide),0.004944907177192039,0.08904359498437431,0.09398850216156635,8.525253444428556e-4,0.010034624249447475,0.05529629571759421,0.12251628389621999,0.060787278635843114,0.12747377893755502
2009,Infection,0.4180748283527948,0.19328284036896334,0.6113576687217581,0.3895619636928632,0.4458978483105556,0.1279863146044916,0.2627458249510523,0.533207990629608,0.6913573249173002
2009,Other,1.0498565195460885,0.22244628237624475,1.2723028019223332,1.005314531333044,1.0938718314911278,0.10209672285213812,0.3322117358457096,1.145676996717675,1.3936130381471685
2009,Circulatory diseases,0.07109952725365476,0.06587329931181593,0.1369728265654707,0.060164197646212746,0.08332395746693828,0.02823636938382523,0.10643591314154854,0.09629242519005055,0.18294199131417135
2009,Maternal complications,0.5909433190098572,-0.07842454053274091,0.5125187784771162,0.5584875313292387,0.6270087481401126,-0.14347082953767673,-0.010193936366011803,0.43899726668730743,0.5860646027278156
2009,Placenta/cord/membranes,0.33165238337401515,-0.08044897260869055,0.2512034107653246,0.306673902919455,0.3566734720969103,-0.13599536656680122,-0.029794027194769573,0.19022875352749294,0.3075766939437002
2009,Short gestation/LBW,1.7022473367790851,0.30371050685875783,2.005957843637843,1.6450893403124898,1.7607697465349317,0.19317963849025863,0.41232063941305896,1.87763113168575,2.1427691709827927
2009,Hypoxia and birth asphyxia,0.06393614418996352,-0.005203434025373645,0.05873271016458987,0.05289778370563796,0.07502445598925644,-0.033209256200623774,0.02244227859840292,0.026759476095309296,0.09102515168228968
2009,Respiratory distress,0.21110572220766968,-0.0014419522909322417,0.20966376991673744,0.1908408561487595,0.23254181873516633,-0.03991010277903191,0.03842637862649137,0.1626592372373202,0.2559620144690347
2009,Hemorrhage,0.1671626699784972,-0.06703500956836304,0.10012766041013417,0.1491803738664633,0.18440200728563552,-0.10524216246662599,-0.03583245170109258,0.05775359572653621,0.1383283702482761
2009,Necrotizing enterocolitis,0.14919847543607911,0.02518492352605543,0.17438339896213453,0.1332490980272936,0.1666200245035206,-0.011290962179185871,0.06042816669003004,0.1320778686355314,0.21568380168657048
2009,Congenital malformations,0.5108914457488207,-0.1311105560200438,0.37978088972877694,0.48168444302379104,0.5390759737355629,-0.23852558279326397,-0.02125984379149334,0.26763045966192806,0.4955594181936375
2009,SIDS (R95),0.05958374539886335,0.3980685443190899,0.45765228971795324,0.048240028078140304,0.07059269678463267,0.317702987201865,0.4821561940298577,0.3765663144763971,0.5456626729476537
2009,Ill-defined/unspecified (R99),0.04169897747778771,0.2792827775963759,0.3209817550741636,0.03128370208726438,0.05097275674940674,0.2206116816510013,0.33960044891451036,0.2594576030880701,0.38513614579539723
2009,Unintentional injuries,0.012027640516669491,0.07391161735900355,0.08593925787567304,0.007078872194773714,0.01768360283592172,0.03764472323756365,0.11209098237282943,0.046830240695358905,0.12481520747902275
2009,Accidental suffocation in bed (W75),0.011603878449220735,0.18553494086727523,0.19713881931649596,0.00537790275745499,0.01780718544959351,0.13918116048019835,0.2372711135789555,0.1503131197379409,0.2485489530213134
2009,Assault (homicide),0.0030889120561962795,0.10927440683914323,0.11236331889533951,-6.630675584514894e-4,0.007137692116240998,0.07384592877551507,0.1411658332805829,0.07704285975704867,0.14446443495018474
2010,Infection,0.3748967321124749,0.12943527619681322,0.5043320083092881,0.3467734484491698,0.39894446869740097,0.06622507412760202,0.1954760494754158,0.43346585392594944,0.5791552290374279
2010,Other,0.9495379490764625,0.1199715835752832,1.0695095326517456,0.905016105163891,0.9927919864202432,0.005115214221295539,0.22637628554019423,0.9414777199997522,1.1845472149048912
2010,Circulatory diseases,0.07301162301623454,0.038601381579717514,0.11161300459595205,0.06183882741872234,0.08471163393681555,2.6234854381594093e-4,0.07551335176489529,0.07205345992760465,0.15237529201509042
2010,Maternal complications,0.5318590769769596,-0.10516229620822867,0.42669678076873085,0.5010871577858331,0.5631119900123347,-0.17374158122589534,-0.04145788116105472,0.35368509154795275,0.5004697335594029
2010,Placenta/cord/membranes,0.32490993490651277,-0.02051195113804215,0.3043979837684706,0.3014649100802083,0.3514986946831042,-0.07114253987496653,0.03298855218565823,0.2486888461376466,0.3653430566896096
2010,Short gestation/LBW,1.5457904538383502,0.28132038811462434,1.8271108419529747,1.48871047736036,1.601012286600834,0.1704277795751983,0.39732613669480643,1.6920591345945872,1.9683438412514631
2010,Hypoxia and birth asphyxia,0.06786268690550776,-0.019926184125509724,0.04793650277999803,0.05688072062368274,0.0792628624408131,-0.04990836571166747,0.009651650861522483,0.017396585162712377,0.07816970352981889
2010,Respiratory distress,0.19610032578261047,-0.01270910166506545,0.18339122411754502,0.1772657315053429,0.21567011852799414,-0.049879896001732496,0.026010703807552837,0.14071274023187103,0.23071601948060463
2010,Hemorrhage,0.14178610813631295,-0.0571888660043509,0.08459724213196206,0.12581427626696592,0.15775292450789352,-0.09289699646988785,-0.022592137473645052,0.05030503548305466,0.12147144144165233
2010,Necrotizing enterocolitis,0.1436123870683384,0.04050608714024228,0.18411847420858068,0.12766439756907033,0.15981202190000646,0.005211119890118195,0.07828777340331636,0.14270711251728696,0.23097822679725052
2010,Congenital malformations,0.4851886210801543,-0.1095547600253681,0.37563386105478624,0.45853546939936213,0.5121056845806341,-0.21465396483022664,-0.009771940961657018,0.26299294924494643,0.48040880250373746
2010,SIDS (R95),0.055225272628623694,0.4203373469558257,0.4755626195844494,0.04390051719871014,0.06593629857273213,0.3384749259323496,0.5072101852310558,0.39454964669553877,0.5664365185272048
2010,Ill-defined/unspecified (R99),0.03758600776563489,0.20916876856383484,0.24675477632946974,0.028509293606208193,0.04652175613522102,0.1591090247001792,0.2661647037827436,0.19619242645930116,0.3051922702394238
2010,Unintentional injuries,0.00509946034380449,0.06916333045728831,0.0742627908010928,8.905233877195117e-4,0.009900388247304003,0.03142996518461105,0.10738509430185807,0.03734245488221602,0.11396466830803244
2010,Accidental suffocation in bed (W75),0.008378326975578353,0.1644404316820798,0.17281875865765817,0.002440748095766183,0.013908750242389379,0.11370523525933385,0.2119946153535533,0.1212375366927136,0.2200935012869317
2010,Assault (homicide),0.006467751774797784,0.043939498759448116,0.0504072505342459,0.0019414603835095521,0.010569313082152705,0.015357592565975757,0.07291581898868511,0.02126392745674663,0.07969729821375537
2011,Infection,0.35118012377086527,0.13491309507849553,0.4860932188493608,0.3251714007798858,0.3794186436949661,0.07266750480989319,0.19842237150282044,0.4192992260530052,0.5655246962211291
2011,Other,0.9851846622834187,0.1528714452738167,1.1380561075572353,0.9429918979610037,1.0301103815760557,0.047382873572765175,0.2620646314338571,1.0172293910767347,1.259744163394067
2011,Circulatory diseases,0.06820500675334165,0.08452671926359913,0.1527317260169408,0.05680665569637219,0.07910869609353532,0.0446472417582602,0.1262144323125487,0.11020158117167281,0.19493854753368856
2011,Maternal complications,0.5785337052215287,-0.011473908251088131,0.5670597969704405,0.5445966584432248,0.6154874644880436,-0.07795731982625986,0.05417088012119219,0.49024573689124984,0.6497267424860728
2011,Placenta/cord/membranes,0.34168645828322214,-0.04885509734916065,0.2928313609340615,0.3145956113064353,0.3687748076600238,-0.10287392933972933,0.00395205015735206,0.2368403520080789,0.35049110196596023
2011,Short gestation/LBW,1.6131898336730963,0.17559611690694196,1.7887859505800383,1.5536961596526526,1.674188582180537,0.06327004271985855,0.2849130237727818,1.6598328094107304,1.926116804246467
2011,Hypoxia and birth asphyxia,0.0628543712556401,-0.01648964274369964,0.046364728511940456,0.051461489895670516,0.07487149567260784,-0.04333344516346428,0.01131025612075262,0.017329292476998312,0.07536708265069673
2011,Respiratory distress,0.1915810556983899,-0.07756088042200288,0.11402017527638703,0.17141657043524683,0.2118349468390299,-0.11719892835378873,-0.037538844016139564,0.07257042492083392,0.15778027003749853
2011,Hemorrhage,0.14473064949251868,-0.06298854485005698,0.0817421046424617,0.12681067104416235,0.16099602957830172,-0.0992276829657795,-0.026784537313131965,0.04384141074500387,0.1223778440602767
2011,Necrotizing enterocolitis,0.12965267493103327,0.044980691003086624,0.1746333659341199,0.1139187536888923,0.14559366302799284,0.00981966907760922,0.07827878576952665,0.13349695205783335,0.21655446937747105
2011,Congenital malformations,0.4800115111985005,-0.06670605494300288,0.41330545625549764,0.4517120296059103,0.5086091532692343,-0.17946224825854223,0.042299486563299106,0.30054316491217625,0.5220438993771012
2011,SIDS (R95),0.04978329727029246,0.3165735666323331,0.36635686390262556,0.03911616668505417,0.05967146325261907,0.23824830662540902,0.39273105231349403,0.28625796607337783,0.444116429656149
2011,Ill-defined/unspecified (R99),0.03776342621492841,0.19742704995641072,0.23519047617133915,0.02859744249527177,0.04773843728402475,0.1428116340738179,0.2557532601104783,0.180310123237123,0.2952157984205362
2011,Unintentional injuries,0.012768595569579815,0.09006696346707475,0.10283555903665456,0.006900228586686868,0.01950495341620788,0.04926903712721482,0.1323733994032365,0.06250004790042758,0.14486050606451328
2011,Accidental suffocation in bed (W75),0.013172866376300833,0.16630812195549166,0.1794809883317925,0.006800490479778231,0.01934726029959669,0.11915619622927122,0.21168894801086632,0.13280321072800938,0.2269172882266089
2011,Assault (homicide),0.009226368027900642,0.08239620709659293,0.09162257512449357,0.004945171505350418,0.013806139227733369,0.050088944718513904,0.11794486304506911,0.05949210511692846,0.12775069333152766
2012,Infection,0.3470481181543764,0.1221039999748102,0.4691521181291866,0.32171270841794775,0.3728626244869186,0.05980690938824214,0.18822386060854446,0.3974608295361763,0.5403264186196731
2012,Other,0.9217296094554727,0.06173731966313222,0.9834669291186049,0.8839746184019588,0.9664417974358785,-0.0419956665879971,0.16769449403933342,0.8688874285243529,1.104488625651506
2012,Circulatory diseases,0.0676937670102495,0.06131288546744028,0.12900665247768978,0.05546824221755885,0.07968645508938751,0.024352663336192112,0.10207639033444589,0.08918941631740336,0.1727545196789131
2012,Maternal complications,0.5385744398824006,-0.05233570353720399,0.48623873634519665,0.5064700429662946,0.5715722493056906,-0.11465666151073817,0.009427760368635506,0.41632673481469334,0.5559943118137479
2012,Placenta/cord/membranes,0.32047412614530024,-0.02327510354083847,0.2971990226044618,0.29520720665649164,0.3460362673683812,-0.07649569243476795,0.028219571269445767,0.2419735719225664,0.35536739292509006
2012,Short gestation/LBW,1.62426105657274,0.17113980704013632,1.7954008636128762,1.5657808488844842,1.6846205859845462,0.06310941950702974,0.2897727193149322,1.669999841148244,1.9335106854976647
2012,Hypoxia and birth asphyxia,0.05961055735924976,-0.0038057072426949615,0.055804850116554804,0.049135770688099184,0.07064479167957216,-0.032746991901138826,0.02689573382514205,0.02555296403739756,0.08919917457528256
2012,Respiratory distress,0.19557276710519658,-0.025655201293733318,0.16991756581146328,0.1766203968574996,0.2154535001153166,-0.06955508784393541,0.012883807198647446,0.125065270826033,0.2141192441147558
2012,Hemorrhage,0.12234687889908763,-0.07735622305143418,0.04499065584765345,0.10677361656754172,0.13775106426834158,-0.10967594676633649,-0.04247097265198859,0.014103818640713145,0.08120237083750365
2012,Necrotizing enterocolitis,0.10546219486435644,0.010376212691663623,0.11583840755602007,0.09187253323774691,0.11964288654890945,-0.022475094088782722,0.04350723589073337,0.07993978657607868,0.152069933970408
2012,Congenital malformations,0.4459210309250847,-0.12422370618052832,0.3216973247445564,0.4179721593198817,0.47238751851899163,-0.2311655150968723,-0.024513188481432358,0.21054983960163623,0.42578939352407835
2012,SIDS (R95),0.04177546879230931,0.2972858124648724,0.3390612812571817,0.03113618797252048,0.052295761896200214,0.22646040786183455,0.3683573946572321,0.2641255049019064,0.41289484681259886
2012,Ill-defined/unspecified (R99),0.05059646300217083,0.3224689947329748,0.37306545773514566,0.039814025930091174,0.061363002430636665,0.2623953499510046,0.3833108616355822,0.30941876962745596,0.4378097145960899
2012,Unintentional injuries,0.009724550929555336,0.08526824962997327,0.0949928005595286,0.004711185133278275,0.014747680548260806,0.04925501265361968,0.1229299243263033,0.057839955282786196,0.1332427494241315
2012,Accidental suffocation in bed (W75),0.014819432380517021,0.19601227191145196,0.21083170429196899,0.008830022432670686,0.021301704281711055,0.14446216172900955,0.2462545882031999,0.1610654918328173,0.2622481552585651
2012,Assault (homicide),0.005949251062981876,0.07979367786921707,0.08574292893219894,0.0020167137792370233,0.010297354844157842,0.046808953463594365,0.1131014675624916,0.05203063893536451,0.11787592197496323
2013,Infection,0.3212599334256282,0.1283652374907469,0.4496251709163751,0.29667680087681964,0.3461568144923891,0.06867269511644744,0.1925055288182404,0.37744833976620074,0.5221553721169003
2013,Other,0.9593934011905322,0.09312044368930156,1.0525138448798337,0.9120792480463576,1.0035618974162648,-0.026091519985327594,0.19968549834214466,0.9241164898883658,1.1634927184631325
2013,Circulatory diseases,0.06595808610051845,0.04763552032326784,0.1135936064237863,0.055204818664146456,0.07751761701759888,0.01239020342103768,0.08511295907403633,0.07728281786719421,0.15183779373398917
2013,Maternal complications,0.5617632515991913,-0.02119391772059219,0.5405693338785991,0.5278313646075585,0.5958503787353899,-0.08406379678450492,0.045682072677717164,0.4717960927779437,0.6126445779770461
2013,Placenta/cord/membranes,0.32179141609136086,-0.056233929597496415,0.26555748649386446,0.29605057676944435,0.35008317756018525,-0.1091582218244851,-0.003422713316708417,0.20980195575566069,0.3185020777316172
2013,Short gestation/LBW,1.6273721814527784,0.18344409757578387,1.8108162790285622,1.5679929509000208,1.685772089640386,0.06873871457519184,0.3003424795913263,1.6799470664417013,1.9567268926261985
2013,Hypoxia and birth asphyxia,0.06570661669523323,-0.024663102128102833,0.041043514567130394,0.05437731776429569,0.07732845642713906,-0.05380944161386231,0.002236339254484865,0.011786060690806026,0.07224396171141043
2013,Respiratory distress,0.19190267940774353,-0.059569649024658285,0.13233303038308525,0.1731467257812189,0.21005150501218683,-0.09791330456632842,-0.01954895946403991,0.09208089456263252,0.1773294785510436
2013,Hemorrhage,0.12463982197180583,-0.03759684877851155,0.08704297319329428,0.10962313440087679,0.1405196106721199,-0.06967550046283498,-0.0056249335104580234,0.0525876520470545,0.12294532322675226
2013,Necrotizing enterocolitis,0.1155119099503934,0.03168791634754918,0.1471998262979426,0.10044585896804108,0.13157668057052765,-0.0010956967481139564,0.06514802995017871,0.10804621808336234,0.1857370443274819
2013,Congenital malformations,0.4384766828545823,-0.1763031232935996,0.2621735595609827,0.41301643941079086,0.4655882998671249,-0.27861198856965247,-0.07588755587003612,0.1575649683801113,0.3666092670625398
2013,SIDS (R95),0.039027758973372004,0.28809448124006637,0.3271222402134384,0.028903658987393856,0.04978422291006698,0.21671840300708195,0.36407247243300783,0.2569115647399096,0.4041492747202393
2013,Ill-defined/unspecified (R99),0.037057237259805774,0.2181269371532495,0.25518417441305524,0.028397576239918232,0.04601932118130382,0.1598692113437766,0.2781817658257924,0.19424037091928104,0.3153778023508019
2013,Unintentional injuries,0.012338769304153646,0.060313630930390896,0.07265240023454454,0.006944414760093842,0.01772414507879579,0.027564439512661926,0.09196030032621241,0.03880938605928544,0.1052448730972563
2013,Accidental suffocation in bed (W75),0.022105963246684103,0.26569069693494496,0.2877966601816291,0.014316747432594245,0.030317030355774748,0.20973956305417096,0.3205924267285787,0.22954004681833062,0.344833210210249
2013,Assault (homicide),0.007185205337357992,0.08386619900054307,0.09105140433790106,0.002566370153322579,0.011744640433134139,0.05235873375080889,0.11768610247721879,0.05846946077597972,0.12471364717000664
2014,Infection,0.3191488819512876,0.10872991518289425,0.42787879713418187,0.2939200719790904,0.3448916538410863,0.048389760500725916,0.16608710778956937,0.3575820979339452,0.4960944699549325
2014,Other,0.9257409659095875,0.05480370887330768,0.9805446747828952,0.8808255179626033,0.9691563161392799,-0.05160681705523593,0.1590869289864688,0.86286630043789,1.1030291689249256
2014,Circulatory diseases,0.05696161920705673,0.08407880288407943,0.14104042209113615,0.04640654400813744,0.06758543851726412,0.045668349480175764,0.12566440122893002,0.10355073158600243,0.18390898520965798
2014,Maternal complications,0.5807506124544708,0.0286736843755417,0.6094242968300125,0.5439652011218559,0.6187064126700605,-0.04387171574927291,0.09638716456161296,0.5278032345995523,0.6928250122248647
2014,Placenta/cord/membranes,0.31946876756583864,-0.008235082366397212,0.31123368519944145,0.2938723679967926,0.3466420738908703,-0.05865232813218466,0.04322102851054605,0.25327468633496514,0.3710192339146737
2014,Short gestation/LBW,1.6172940911120959,0.2102614143948612,1.827555505506957,1.5553848529635337,1.6782646631461335,0.09742607182941879,0.32577873022521253,1.6888577358909458,1.9677813307464187
2014,Hypoxia and birth asphyxia,0.06435679160784703,-0.006737607578541839,0.057619184029305194,0.0533519552560588,0.07724291876374151,-0.03675812974654014,0.022263317906025336,0.025759253313082122,0.08961204796229155
2014,Respiratory distress,0.18274179052913925,-0.025403126838336645,0.1573386636908026,0.16192779644731894,0.20313387801806398,-0.06527368427700178,0.013711831576169226,0.11250646325882716,0.20571875140725876
2014,Hemorrhage,0.14438833689059752,-0.05294601153652592,0.0914423253540716,0.1254132076695447,0.1605816064261827,-0.0913908811833065,-0.018885047898720177,0.05299085641597868,0.12955463044167398
2014,Necrotizing enterocolitis,0.12699426526724789,0.03325912977400626,0.16025339504125413,0.10848711021454222,0.14416529667778502,-3.757559291213634e-4,0.06938029089735398,0.11824595460658228,0.20398870548796993
2014,Congenital malformations,0.449648069226096,-0.09030769222594955,0.3593403770001465,0.4227008798282238,0.476898374942793,-0.1975109409299445,0.014444399030039412,0.2540081472422945,0.4678419503967044
2014,SIDS (R95),0.04083976041860507,0.2513271925836614,0.29216695300226647,0.03116804640572721,0.05139656104753485,0.17807150357357382,0.3265152163462876,0.2180618386395646,0.363370563641894
2014,Ill-defined/unspecified (R99),0.04090928992157554,0.2876354613862054,0.32854475130778094,0.030919760950825572,0.05100272578135342,0.22415630238872652,0.35592463732487,0.2632641300793204,0.3981487084417591
2014,Unintentional injuries,0.012360841744658924,0.03987904539464008,0.052239887139299,0.006984581686727693,0.018134891417284357,0.00974391977938014,0.07260087436763295,0.020025813314581288,0.08678672307226135
2014,Accidental suffocation in bed (W75),0.027162331434754872,0.23975969872010794,0.2669220301548628,0.019579459032644457,0.03507473046099622,0.17824260426103797,0.30033102568114217,0.2053180776100043,0.3292782248062551
2014,Assault (homicide),0.006564015501389341,0.0383102982409654,0.04487431374235474,0.002241248859012187,0.01101021744852072,0.010893120030424253,0.06691495669306764,0.016827011815270184,0.07476856942569565
2015,Infection,0.3771639452037134,0.11990278012029343,0.4970667253240068,0.34727792867190016,0.40702518111352304,0.05384034207792978,0.18286503139368115,0.42365492397182997,0.5723228168039242
2015,Other,0.9948487304345129,0.11456610046883019,1.1094148309033431,0.9485298342808881,1.0406603575898488,-0.007087375282232976,0.23262854677386036,0.9758012681754373,1.2375602411808524
2015,Circulatory diseases,0.05626187121242992,0.06609868420085846,0.12236055541328839,0.04511387151973655,0.06834138733982545,0.028409399851647987,0.10792236310804332,0.0839433388503281,0.1646029432479902
2015,Maternal complications,0.5464302770330548,-0.04951150548409611,0.4969187715489587,0.5119556183273963,0.5808122021459743,-0.11373601374167311,0.018092209453738607,0.4242790486692417,0.5756206385205568
2015,Placenta/cord/membranes,0.2867773375186505,-0.053813080542787974,0.2329642569758625,0.26120531558516213,0.3134610656183702,-0.10433089580457308,0.0016975613605663973,0.17777668654431905,0.28943129278533986
2015,Short gestation/LBW,1.6162736994210316,0.16279112606267115,1.7790648254837027,1.5573095433665531,1.6784673827313379,0.045647040597946616,0.2740594980714365,1.6401765339774725,1.913304900125989
2015,Hypoxia and birth asphyxia,0.06602076433039163,0.02441186124323235,0.09043262557362397,0.05415631919226105,0.07877166995112592,-0.004527276345354645,0.05597118872261949,0.056888116904390856,0.12461281853681573
2015,Respiratory distress,0.17974566846703086,0.02945389184113876,0.2091995603081696,0.16112514497604508,0.20109290938898358,-0.005155786987101533,0.06732089275291606,0.1669623634331153,0.2553494364676214
2015,Hemorrhage,0.13120930530926023,-0.048228728585715065,0.08298057672354517,0.11566342222547381,0.1484520708403836,-0.08270787655144611,-0.015100652170966173,0.04804976005279978,0.11854057510119426
2015,Necrotizing enterocolitis,0.12227518463611342,0.020340632422701812,0.14261581705881524,0.10654506690213872,0.13886468987427544,-0.013267643674975627,0.057850873970192056,0.10412604466105048,0.18513428374413374
2015,Congenital malformations,0.478693953659296,-0.10972939642210444,0.36896455723719157,0.4509873382225603,0.5048187600956898,-0.2250481888551442,-0.0035142778360630015,0.2517429816496609,0.4783915672130322
2015,SIDS (R95),0.04057452919649125,0.3756665374084434,0.41624106660493465,0.030959052132206552,0.051227049852094336,0.2982295077046984,0.45311254772793697,0.3356677606802114,0.4964697511266323
2015,Ill-defined/unspecified (R99),0.046898631866237155,0.31963205434964653,0.3665306862158837,0.03615702888562238,0.05827010547276256,0.25527200977253695,0.3882604885806868,0.2999265956536493,0.4345958236560226
2015,Unintentional injuries,0.010380579251679657,0.03989303168421592,0.05027361093589558,0.005431376560653069,0.01546166489719411,0.006080747715853006,0.07086677221062314,0.015939754624607866,0.08243181160361646
2015,Accidental suffocation in bed (W75),0.016761610974078328,0.25035082996785873,0.2671124409419371,0.008702791973626101,0.025205436625717288,0.18649714914510798,0.31824344520265263,0.20371818467036545,0.3350339122900298
2015,Assault (homicide),0.005920824907383305,0.06969188862265976,0.07561271353004306,0.0017590645009670598,0.010531052991702977,0.03617947038147992,0.10257902588414244,0.0433234117311589,0.10867520125341353
2016,Infection,0.37029837307238217,0.11624837006970977,0.48654674314209195,0.34166157604865205,0.3981336432987519,0.05727835299311881,0.18189448621635498,0.41846976681550474,0.5609309071215313
2016,Other,1.04013490228498,0.03379740468003056,1.0739323069650104,0.9969289436486579,1.0904854974076743,-0.0760134766369779,0.14196333834452812,0.9553502073316302,1.1994974826682883
2016,Circulatory diseases,0.06328081475579471,0.03972032664289189,0.1030011413986866,0.05224826225986872,0.0746897734108701,-2.616452844558511e-4,0.08164998171196322,0.06182887997026376,0.1465147298809454
2016,Maternal complications,0.5232660508832325,0.02323427558300335,0.5465003264662359,0.4911723820671511,0.5583264687729853,-0.04275991418207111,0.08550600359859654,0.4741578449759523,0.6194221135749421
2016,Placenta/cord/membranes,0.27417872577664615,-0.034392182809697545,0.2397865429669486,0.250260153590017,0.29970634222109666,-0.08572453809955649,0.01309514676456694,0.1844072717824818,0.2960777490152013
2016,Short gestation/LBW,1.5718551788255948,0.2544076036390307,1.8262627824646254,1.5115825549015027,1.6348420281468024,0.14371158517364357,0.37309125459295167,1.6968323889935601,1.9642687431803054
2016,Hypoxia and birth asphyxia,0.07255078639477978,-0.010271955492206435,0.06227883090257335,0.061123310710275935,0.0860870472428222,-0.04105723979885772,0.020818296959059377,0.029233809716006077,0.09678861716523517
2016,Respiratory distress,0.192764439794016,-0.00818059055001617,0.18458384924399984,0.17279352002945167,0.21523144559154894,-0.04849982698194382,0.03228675215740965,0.14058892745842294,0.22783183290980272
2016,Hemorrhage,0.13849187375078698,-0.0589782135553281,0.07951366019545889,0.12204741424022873,0.1562554905996938,-0.09273053660474691,-0.025214314079515448,0.04512462193071052,0.11533445723574247
2016,Necrotizing enterocolitis,0.11343064499546987,0.02826648750746379,0.14169713250293367,0.09873193139201458,0.12837325566515664,-0.0020496037430263185,0.060352146154896584,0.10794172280592504,0.17931607500157673
2016,Congenital malformations,0.4784658998409636,-0.058462877323723184,0.4200030225172404,0.45232456619478695,0.50726538310741,-0.17318671493069424,0.051508147916474456,0.3081866766381901,0.5407033865480695
2016,SIDS (R95),0.044641841400165846,0.34568235968769634,0.3903242010878622,0.03418254792900369,0.05549220418547509,0.2668406612523211,0.4247793327829401,0.30955008848116444,0.4731385803894173
2016,Ill-defined/unspecified (R99),0.04418301830094815,0.3237462391828111,0.36792925748375926,0.03289067299010594,0.05550041812320995,0.2586549036673099,0.39212341894781,0.30233512137506185,0.44003284397677034
2016,Unintentional injuries,0.0063583881952658135,0.05582577928790664,0.06218416748317246,0.0013572571495009847,0.011258137999990078,0.021084449439054687,0.09146936663400188,0.028291977793080052,0.09700911358185224
2016,Accidental suffocation in bed (W75),0.024849704547374493,0.25952888706125166,0.28437859160862616,0.016501154672628433,0.03345373783480779,0.1984254944207793,0.31825515859891157,0.22334638322956366,0.3460865451291111
2016,Assault (homicide),0.009035884084520322,0.07262012305119973,0.08165600713572005,0.004236572631907245,0.014076503149100661,0.041961989217556575,0.10509268698133163,0.05084160444950904,0.11452028189386809
2017,Infection,0.3439639923060116,0.06725657008736267,0.4112205623933743,0.3155784360606065,0.369432823704241,0.0075783330690651655,0.12808748072188206,0.34418001751891397,0.4784279443635216
2017,Other,0.9634886529073149,0.11702442963009148,1.0805130825374063,0.9197769015724426,1.008257211116728,-0.00466633201280909,0.22608839965875097,0.9404054695386183,1.2039665637980523
2017,Circulatory diseases,0.06002301378212879,0.08409879843050963,0.14412181221263842,0.04897757048648133,0.0721297908572947,0.04508980618157344,0.1234374387886907,0.10232624482594231,0.1865770932841004
2017,Maternal complications,0.5199534983825875,0.05575825748070075,0.5757117558632883,0.4848623881673022,0.5567556192977534,-0.01086287246035088,0.11896730573751954,0.49464850113021863,0.6505719627499184
2017,Placenta/cord/membranes,0.2807703730004751,-0.07816967487046735,0.20260069813000775,0.2540043747913443,0.3055717608360252,-0.12781279507691523,-0.027228053238061746,0.15102305052181242,0.2593997706581139
2017,Short gestation/LBW,1.5173258408452708,0.19189732425185554,1.7092231650971264,1.4566318852116078,1.57813745000585,0.08541629443262597,0.3023152624040397,1.57564671072544,1.8440119291656603
2017,Hypoxia and birth asphyxia,0.07245186232459669,0.004500156182370459,0.07695201850696715,0.06001482404818004,0.08461815619597801,-0.02547782176726362,0.03619464695660987,0.04395627028705407,0.11226190497022512
2017,Respiratory distress,0.17397347467719507,-0.03142140454182851,0.14255207013536655,0.15313848923222437,0.19401950271300947,-0.06976714788201846,0.0065280381716496545,0.10019589481308087,0.18601329290201882
2017,Hemorrhage,0.1297145653122832,-0.08237579240968923,0.04733877290259397,0.11343147485549959,0.1472573425633173,-0.11694307528901636,-0.048272459836752504,0.013785087388260668,0.08105373210190249
2017,Necrotizing enterocolitis,0.103803431752675,0.013691396022955018,0.11749482777563001,0.08924527119531496,0.11864719089392252,-0.019471482764561572,0.04724034918363373,0.07889970761002255,0.15475442969346972
2017,Congenital malformations,0.48377107794840113,-0.09075210534913519,0.39301897259926594,0.45472057838510577,0.513023874678307,-0.20135796108606815,0.007103742479201769,0.2804809578633673,0.49844758657374516
2017,SIDS (R95),0.04372734853719637,0.31044674764680585,0.3541740961840022,0.03284508602170543,0.054517765303731494,0.24322204138659473,0.3809468719636345,0.2872880954888396,0.4247470357963485
2017,Ill-defined/unspecified (R99),0.050620521814435576,0.3410382000029606,0.39165872181739614,0.03907622237236771,0.06259903558047782,0.26958013228843825,0.41644805218574377,0.3181606392013831,0.46710862994954927
2017,Unintentional injuries,0.008020825779335767,0.06872064337714572,0.07674146915648149,0.002712915853973359,0.013526993688129058,0.037999570668703485,0.10584196703540036,0.044357930566144316,0.11546731008667073
2017,Accidental suffocation in bed (W75),0.024831120113244714,0.2902153813788808,0.31504650149212554,0.01612618107593383,0.03439815006269296,0.23212919803505755,0.35725597772953105,0.255823319052736,0.38141594495773523
2017,Assault (homicide),0.011128350302084136,0.11712014850799526,0.1282484988100794,0.005785477067771198,0.017050646540252866,0.08197183012786058,0.15685078149984047,0.09195785583830872,0.1691967663196793
2018,Infection,0.33479097551860043,0.05001327387584046,0.3848042493944409,0.30599224882294196,0.3609537461674297,-0.014310850420356602,0.11081658817495713,0.3146075093468979,0.4527543993203446
2018,Other,1.0004396593352325,-0.033939794765521863,0.9664998645697106,0.958148791959531,1.0458963563603507,-0.15005377498827294,0.08693515783241265,0.8451390551359438,1.0948939054850548
2018,Circulatory diseases,0.05829783523217824,0.04311475725455631,0.10141259248673455,0.04729044333850647,0.06969042597568907,0.0070486930758511335,0.07981203021640705,0.06434293772578621,0.14103140161312863
2018,Maternal complications,0.507245370128793,0.007571648528786501,0.5148170186575796,0.47305855440617034,0.5438159834134881,-0.06199921095429528,0.07294224632338567,0.4407091345333084,0.5896824189138068
2018,Placenta/cord/membranes,0.23439800015120543,-0.07086053219655145,0.163537467954654,0.20966794531812225,0.2581147547089162,-0.11645113103948315,-0.027465117723159998,0.11682419827688664,0.2126338848847227
2018,Short gestation/LBW,1.5537517259847837,0.22689339599121836,1.780645121976002,1.4992097346377562,1.613210425329698,0.11367993763546512,0.3402590197865561,1.6568374030662576,1.9137129890048294
2018,Hypoxia and birth asphyxia,0.08482962584520717,0.015157248714743334,0.0999868745599505,0.07175089638310814,0.09936265511049953,-0.01632270415240208,0.04520345753346866,0.06311340273691904,0.13714430063920546
2018,Respiratory distress,0.16435294980547444,-0.02981311219138866,0.13453983761408578,0.14327565000520281,0.1827448358816118,-0.06489230927904126,0.005454410136448737,0.09685916019094763,0.1769401142869117
2018,Hemorrhage,0.13661598219507903,-0.07506711511392142,0.061548867081157616,0.11916313420377532,0.1545005132687356,-0.10903352695230883,-0.03949326247197617,0.030316807120706415,0.09818961713493746
2018,Necrotizing enterocolitis,0.10363259131563156,0.02196910805020662,0.12560169936583818,0.08943535686309668,0.11803905725539626,-0.01003029884547622,0.0550112326013204,0.09054846457407292,0.16372921033989662
2018,Congenital malformations,0.5261631773021831,-0.060244004245194854,0.46591917305698827,0.4964285750210475,0.5577564874605736,-0.17598277565622006,0.05284400712468574,0.34809609772875616,0.5808368112610623
2018,SIDS (R95),0.03410812452295257,0.33466921619739465,0.36877734072034724,0.024214524385463416,0.044618143392759005,0.2642521607855599,0.4108085188141783,0.29467597167076437,0.44769446588557715
2018,Ill-defined/unspecified (R99),0.06421173855895947,0.41461884516044356,0.478830583719403,0.05160642328286906,0.07650665032653445,0.34025216106101497,0.4874503873327774,0.4014365906923998,0.5546420597758036
2018,Unintentional injuries,0.008187176448723462,0.06002974562234482,0.06821692207106828,0.002908985629160076,0.014067803359950826,0.02849438052951052,0.0937043695336981,0.03697532658714819,0.1014544570636243
2018,Accidental suffocation in bed (W75),0.01963367108051529,0.1942313442829852,0.21386501536350047,0.011195627798389701,0.02798287403551502,0.13847817001339097,0.2535654414956826,0.1563661994849668,0.2716932914240392
2018,Assault (homicide),0.005480863362781712,0.07181880149042148,0.07729966485320319,7.238871249139087e-4,0.010206320000090379,0.04185013330290473,0.10764798574583835,0.04793532569243118,0.11288183042409447
2019,Infection,0.36809240876715854,0.1155543624102109,0.48364677117736943,0.3374102372152452,0.3973325877094909,0.05117733971242782,0.18074608190979544,0.4092376070015102,0.5604267850024481
2019,Other,0.9675575980250279,0.04144981863765963,1.0090074166626877,0.9202273347587717,1.0169575246421472,-0.07108228574010726,0.1508858046603408,0.8879686682438974,1.1201683743861213
2019,Circulatory diseases,0.052929139565441624,0.04584916800623176,0.09877830757167338,0.042076267011065156,0.0637496847621096,0.005533792923900004,0.08083544383711616,0.058669677451713295,0.13547539116855825
2019,Maternal complications,0.4516629544035653,-0.01229604052970775,0.43936691387385757,0.4182871800035687,0.4843966222225448,-0.0782533193291258,0.048718164273534204,0.36886251002261566,0.510106836595061
2019,Placenta/cord/membranes,0.2615076589361606,-0.04325859495764997,0.21824906397851065,0.2361855138473025,0.2864657607534323,-0.08895693058792298,0.007860558298433929,0.16897837231854013,0.27326231331821416
2019,Short gestation/LBW,1.4778336974634243,0.2523494785044765,1.7301831759679007,1.4169212964630582,1.539610314240646,0.15296646352905935,0.37090741766655533,1.5939235040975182,1.8677383701564805
2019,Hypoxia and birth asphyxia,0.09142056783997327,0.005260618264700661,0.09668118610467392,0.07633834560770246,0.10696481955783639,-0.029706786376691274,0.04136657594550819,0.05790168050693513,0.13494335377365976
2019,Respiratory distress,0.16990311133878094,-0.07557698039435401,0.09432613094442693,0.14997786892741777,0.18904855800769962,-0.11364637351305269,-0.039878015513421426,0.055804894497555955,0.1317881000187894
2019,Hemorrhage,0.13554755428707513,-0.049607238423263575,0.08594031586381155,0.11773781148609341,0.15363075106945653,-0.08711801717651357,-0.013680306812143122,0.050559246441494954,0.12287839183559464
2019,Necrotizing enterocolitis,0.1225397257225887,0.03413236857010725,0.15667209429269596,0.10708391027515134,0.13956579289731133,0.0010399114547710777,0.06848760427519503,0.11790070627940233,0.19964317203705115
2019,Congenital malformations,0.4849408673650425,-0.12483196604910435,0.36010890131593815,0.45311077480090056,0.5138923562733404,-0.23018169487520593,-0.017144197727378498,0.25530969224773253,0.47291404587730873
2019,SIDS (R95),0.038733390511828024,0.4071951070782347,0.4459284975900627,0.027620232310446653,0.050809663129735706,0.33842165298203303,0.48433941718941115,0.378074333639511,0.5240145000014835
2019,Ill-defined/unspecified (R99),0.04779270868992702,0.38843573410936394,0.43622844279929096,0.03526345395006043,0.06059924630624083,0.31708389274341514,0.45913037295650483,0.36444616731605445,0.5061741879422209
2019,Unintentional injuries,0.012668149745781324,0.025592699101845123,0.03826084884762645,0.007195614381196467,0.018328788006474524,-0.00780114688455249,0.05615389226906196,0.004984470965341151,0.06891733389103348
2019,Accidental suffocation in bed (W75),0.03081683375070013,0.19845079798855067,0.2292676317392508,0.022108021209645563,0.04043911281235762,0.13678740960801436,0.2600580745502561,0.1676843638228058,0.29318685015981366
2019,Assault (homicide),0.008399845528981296,0.0969234868771261,0.10532333240610739,0.0032787749609768527,0.014171916954953354,0.06315823338180446,0.13324105810630232,0.07178318516014386,0.14227450537160657
2020,Infection,0.3422950008913358,0.13519633060925135,0.47749133150058715,0.31232334556547986,0.3691753509370868,0.07255886004392414,0.20424247110732296,0.4058696541944024,0.5567345519032034
2020,Other,0.951870060729185,0.0017393965192930017,0.953609457248478,0.9017382158212908,1.002488548722191,-0.09851584072685793,0.11518611710272901,0.8424994144374143,1.0844154417657312
2020,Circulatory diseases,0.04940857899660432,0.051031215355974616,0.10043979435257894,0.039833336063132815,0.0595806133023934,0.014182786219348474,0.08919484886542071,0.06213499965666204,0.1386974541941628
2020,Maternal complications,0.43443951680808335,-0.016479578638660168,0.4179599381694232,0.4005773903693027,0.46875983632886775,-0.07867211357909372,0.04730178154007907,0.34737416270835497,0.4912116604750771
2020,Placenta/cord/membranes,0.25667954086022154,-0.02664945055933581,0.23003009030088573,0.2325782758343567,0.2809280907286498,-0.07734533948578019,0.024990489933547466,0.17447547175735686,0.28485049573656984
2020,Short gestation/LBW,1.3742910785766607,0.15652276832931544,1.5308138469059762,1.3171692901667063,1.432073760122371,0.04804719335876629,0.26153424747278076,1.408705932915968,1.6524957138233314
2020,Hypoxia and birth asphyxia,0.08242708205877815,0.01650837599215702,0.09893545805093516,0.06829972568817769,0.0967021109214951,-0.0174889374800132,0.04792952908332798,0.061524394063052906,0.1336471534009328
2020,Respiratory distress,0.16340360803167028,-0.05372483268472905,0.10967877534694123,0.14479887362372043,0.18392927488536465,-0.09061664693946041,-0.016312967037038714,0.07196553288620892,0.15224674056459406
2020,Hemorrhage,0.12125138355291794,-0.06574040012919466,0.05551098342372328,0.10536071511221251,0.13805167073679192,-0.09847629879283167,-0.03308047756531376,0.02323200121564884,0.0883401810749028
2020,Necrotizing enterocolitis,0.10384714135784481,0.02059536119254319,0.124442502550388,0.08941435160687941,0.11934214939069157,-0.011571396381579273,0.052811719769258934,0.08914626161346789,0.1615505823414145
2020,Congenital malformations,0.47814683139254527,-0.20964857645347482,0.2684982549390704,0.4498812530996663,0.5074890619650522,-0.31623809524123075,-0.10647172918706659,0.15767057924207933,0.37199680998599566
2020,SIDS (R95),0.033212165747881495,0.5423093680917371,0.5755215338396187,0.0216319912950839,0.0453353370946195,0.4580280921578575,0.6250208117610755,0.4919577073960105,0.6606706718474428
2020,Ill-defined/unspecified (R99),0.05834420405809292,0.4006852799338835,0.4590294839919764,0.047095452181172254,0.07031492292392892,0.3246566313767004,0.4758823247691755,0.3812430302039529,0.536556778667879
2020,Unintentional injuries,0.00973819598894341,0.05582033726036241,0.06555853324930581,0.004852377702402524,0.015159958949466892,0.024583097182142053,0.09205794404055657,0.03295215025641564,0.10108709953836993
2020,Accidental suffocation in bed (W75),0.02326117037320633,0.3213957951426258,0.34465696551583214,0.014283337162817463,0.032390947107626536,0.25687272821912216,0.3924940574079705,0.2787910485583546,0.4154321338418908
2020,Assault (homicide),0.009844709650221386,0.08641700493679763,0.09626171458701901,0.0044986982084249325,0.014999653443943751,0.04926843109770141,0.12115232978762074,0.05854806926428383,0.13071216539424324
2021,Infection,0.32684519800899037,0.08902087859258588,0.41586607660157626,0.3005606513648747,0.35579321103296646,0.024276115088241002,0.16152912423398258,0.34186908108615643,0.4958439317299819
2021,Other,0.9037604003721427,0.07218242833952328,0.9759428287116659,0.8599603614819038,0.9505622332715599,-0.04095968500510213,0.18846880069292113,0.8545399418224896,1.1019814169672624
2021,Circulatory diseases,0.05907448319056693,0.06534924323168773,0.12442372642225466,0.046906855487362176,0.07089724997226823,0.028722830693051083,0.10486352752557407,0.08508831409332566,0.1695815855664202
2021,Maternal complications,0.4089140583053528,0.025695591236921025,0.4346096495422738,0.377723456979599,0.4404558164331637,-0.03335076688360407,0.08332090990695583,0.365233063512214,0.5092183449377222
2021,Placenta/cord/membranes,0.2062023465701519,-0.0217209380110041,0.1844814085591478,0.18426780302557622,0.22707638104532663,-0.06991164734133773,0.028254848637016158,0.13398241154211435,0.23589363917064865
2021,Short gestation/LBW,1.1943322342748095,0.1750872739979363,1.3694195082727458,1.1423559620461765,1.247270197350094,0.06966608903423796,0.2671835424828913,1.2464389677444399,1.4829739729340699
2021,Hypoxia and birth asphyxia,0.08102386034834747,-0.007027016885297464,0.07399684346305,0.06779950545584937,0.09467345243746984,-0.04167709548983025,0.030845458104318022,0.038203380786344845,0.11227856090871417
2021,Respiratory distress,0.1644798697815275,-0.008464567824048978,0.15601530195747854,0.1453959405129758,0.18500388124925055,-0.04567793305073353,0.030066838497493708,0.11157805667188343,0.20049667892288603
2021,Hemorrhage,0.12022829074946206,-0.02255626654266126,0.0976720242068008,0.10363530646636489,0.13914113263705238,-0.05765116474212817,0.012576979465653284,0.059567374477563544,0.13384184216727651
2021,Necrotizing enterocolitis,0.11203133893067307,0.02151248657079296,0.13354382550146604,0.09704883289189313,0.12676143273180926,-0.012573395270219615,0.05465877066213669,0.09406003124385222,0.17025237186340528
2021,Congenital malformations,0.47621152516246146,-0.1248737363328514,0.3513377888296101,0.44919272329215526,0.5058906440984223,-0.2335601499825913,-0.021068805791730382,0.242267829967118,0.4613226773663257
2021,SIDS (R95),0.06532378901091121,0.5073215171478632,0.5726453061587744,0.052856004680675805,0.07760288193790352,0.4231108105841622,0.5952256650244737,0.48919299118837734,0.6634861758089816
2021,Ill-defined/unspecified (R99),0.045143252003485956,0.5043051920249957,0.5494484440284817,0.03250620635550158,0.0573178353856541,0.4241563439836214,0.5798342553721509,0.4690238156382327,0.6258041213138638
2021,Unintentional injuries,0.007436046804965037,0.10240446156372325,0.10984050836868829,0.001996235831463923,0.013501509853847272,0.061044330373678825,0.13925157806024066,0.06860632129991219,0.1463639123633027
2021,Accidental suffocation in bed (W75),0.03263233347553436,0.3236127574569575,0.35624509093249185,0.02258164479435865,0.04240056306098771,0.2564202064466786,0.39451300833273184,0.2870187369218835,0.428071321202104
2021,Assault (homicide),0.009133863442213862,0.09813349823704626,0.10726736167926013,0.0037963002846758296,0.014523234400719507,0.06172940721061481,0.13092602453924976,0.0700438488355196,0.14189680867470725
2022,Infection,0.35914959899726095,0.09034310862919634,0.4494927076264573,0.33042162822497884,0.39118281753229495,0.02694859964836929,0.15687684034361074,0.37789374913003987,0.5260214916551897
2022,Other,1.026619310113637,0.2344902425184631,1.2611095526321001,0.9741211562921376,1.0772132426470296,0.11095529770703247,0.36181415440797543,1.1244858066304677,1.4027922557122383
2022,Circulatory diseases,0.04913664573309269,0.06773142555576216,0.11686807128885485,0.038549493290475925,0.060187043686316104,0.030191079301815433,0.1082529934294876,0.07810058865823562,0.15855911481301016
2022,Maternal complications,0.43446912057948356,-0.006201624954449136,0.4282674956250344,0.40189954166603076,0.46667148461675756,-0.06780111916131054,0.05546684566133266,0.3591696324054704,0.5006750413009573
2022,Placenta/cord/membranes,0.20040415064185269,-0.04821887691740784,0.15218527372444485,0.17921887108071588,0.22377455283610012,-0.09351422417274408,-0.00394754492083656,0.10385275180548557,0.20327814949963988
2022,Short gestation/LBW,1.2189243382722912,0.09005332612404313,1.3089776643963342,1.1648664218739222,1.27613461975642,-0.009740307804269334,0.1965200532473193,1.1902900462186983,1.4385828114402424
2022,Hypoxia and birth asphyxia,0.08341340642737581,0.006828143156108708,0.09024154958348451,0.0693821225766224,0.09763530031989032,-0.029510697354569237,0.04489009688080964,0.05238572033040317,0.1307456940245239
2022,Respiratory distress,0.20145163859633178,-0.03992423162510914,0.16152740697122264,0.17862102753551937,0.22510020099243394,-0.08182070980147084,0.0025233797435436295,0.1155932171717151,0.21130548047141864
2022,Hemorrhage,0.11702086230671392,-0.08112231537494421,0.035898546931769706,0.10133494388513394,0.13386220851555683,-0.11527403427510982,-0.04662700042727067,0.002944991189348216,0.06961010674410299
2022,Necrotizing enterocolitis,0.1224166275462727,0.007099819587975022,0.1295164471342477,0.10605840880428298,0.14026066994944378,-0.028988675864636684,0.044401039858470756,0.08858909990871369,0.17120434150341746
2022,Congenital malformations,0.41198163336745414,-0.0588333587471137,0.35314827462034043,0.38594158164166353,0.438818609421067,-0.16776951841632248,0.04475221825374174,0.24095854756006055,0.45430903174337156
2022,SIDS (R95),0.057719855464680794,0.6737481269387654,0.7314679824034462,0.04450073650024082,0.07175729150833944,0.5865727940984776,0.7628826223745835,0.6388239568346592,0.8268521768548849
2022,Ill-defined/unspecified (R99),0.04604659713651722,0.4114052372740979,0.4574518344106151,0.035403074397952525,0.05738741636814964,0.3421934915282223,0.4835480615214613,0.3873973043300386,0.5327543487499765
2022,Unintentional injuries,0.008459321083877806,0.05046645773300125,0.058925778816879056,0.003319153793729607,0.0139782479483216,0.016984844325295994,0.08531974708095329,0.024862947114261708,0.09407361469957298
2022,Accidental suffocation in bed (W75),0.04317316244288598,0.37706984832472457,0.42024301076761056,0.033161301705412136,0.05393711187253439,0.3053073490692571,0.45047129230134475,0.34865975717859055,0.49657778402550923
2022,Assault (homicide),0.004396811659601199,0.07304615262860813,0.07744296428820932,2.3143939953342898e-5,0.008658916469074726,0.041511908728853845,0.10758203970929425,0.04458858842102276,0.11214245735192711
2023,Infection,0.37028678521313374,0.11893845003759212,0.48922523525072587,0.3387886922109288,0.3998152352324352,0.0489237168593051,0.18698050426887072,0.4100276383927316,0.5727280816356797
2023,Other,1.0042332417730255,0.10243061099068711,1.1066638527637127,0.9522793268211657,1.051568919739492,-0.02160436296296655,0.2262156847961974,0.966682558779386,1.2353604829366691
2023,Circulatory diseases,0.050359649813241744,0.06143765691953018,0.11179730673277193,0.03978418296089894,0.06191104724765119,0.022979320560607957,0.10126234282308232,0.07020293392462136,0.15491490703470218
2023,Maternal complications,0.4062139921591826,-0.022308988955071354,0.38390500320411125,0.374205333251959,0.4378214126430011,-0.08709795097099225,0.03771730514427895,0.3107340439164029,0.4492893537117017
2023,Placenta/cord/membranes,0.18568438713460028,-0.03659718368976009,0.1490872034448402,0.16487241509779654,0.20686471508887208,-0.08273193145621041,0.009141313545289716,0.10046840747547646,0.1967017553084081
2023,Short gestation/LBW,1.1747782417000214,0.24436033850651703,1.4191385802065384,1.1200114110022488,1.2288709177568826,0.1429477893894764,0.345092268456101,1.3072899264611129,1.5437913565164465
2023,Hypoxia and birth asphyxia,0.0919110345817368,-0.013373028849393159,0.07853800573234364,0.07653827925692726,0.1067991022407512,-0.047842695063544695,0.02417870247910572,0.04206054072006558,0.11833500071275854
2023,Respiratory distress,0.18085738359271827,-0.06469901293403504,0.11615837065868323,0.1597815215805592,0.202273012892106,-0.10700427790419198,-0.025634483642127264,0.07322708922994112,0.1611691072274001
2023,Hemorrhage,0.12346281801842839,-0.04319800827669598,0.0802648097417324,0.10667800010743743,0.14098121013812756,-0.07851712848406917,-0.007854492856754696,0.042669853791843015,0.11801636778024824
2023,Necrotizing enterocolitis,0.12452699766361316,0.008195462525274873,0.13272246018888803,0.10664215556262321,0.14091299995032416,-0.027218053960351356,0.04189422949544273,0.09268317597123833,0.17216069304011714
2023,Congenital malformations,0.4529917227591247,-0.02006188178064225,0.4329298409784824,0.4233024681109737,0.48390859804359176,-0.13217955045081012,0.09249340372882421,0.3186284349002467,0.548062365663174
2023,SIDS (R95),0.05853962628255524,0.5278607008558251,0.5864003271383804,0.04532348706762477,0.07242174144487024,0.44582926044948323,0.6109685288502592,0.5051214719499232,0.6725890567966221
2023,Ill-defined/unspecified (R99),0.051800154102142164,0.49317792794080445,0.5449780820429466,0.03993825894774095,0.06464956544243833,0.4163482123190039,0.5701719390388293,0.4647103161905922,0.624956746590776
2023,Unintentional injuries,0.012651785381048363,0.08589027303343073,0.09854205841447909,0.006079449359019528,0.019469217048568768,0.04961216537367172,0.12712470416377267,0.06283016744093368,0.13998486477922453
2023,Accidental suffocation in bed (W75),0.028010434846054526,0.35166462637216395,0.3796750612182185,0.017574655503044073,0.038366939798088855,0.2792075708228247,0.42161698789635077,0.3086652775326528,0.45282242111456245
2023,Assault (homicide),0.006344206774304214,0.10438723237762165,0.11073143915192586,0.001149954420197929,0.011701139764061109,0.07014272297794913,0.14229674471466777,0.0751761502670069,0.14824647783013553
2024,Infection,0.35160049721935555,0.16589784561060011,0.5174983428299557,0.3204638151149945,0.38293578308530024,0.09986069078047684,0.24004400774180884,0.44343964343268466,0.6004618130701208
2024,Other,1.0141626389298442,0.07218926315261573,1.08635190208246,0.9629165443736603,1.0634263488065276,-0.04507259321531744,0.2025284102707645,0.9637607015796975,1.223776261094918
2024,Circulatory diseases,0.055533395092075444,0.07834388733173217,0.13387728242380761,0.04393979407351486,0.06705458890996382,0.037318407129868676,0.12091651399485956,0.09063951978041063,0.17773619638477342
2024,Maternal complications,0.44058064570425987,0.005504198993390719,0.4460848446976506,0.4050527087230466,0.47358781321824345,-0.05563025558878725,0.06906006049693317,0.3737501049024589,0.5252253634107028
2024,Placenta/cord/membranes,0.19010465468390703,-0.024543623361065223,0.1655610313228418,0.1683550456234164,0.21390506361692121,-0.07041419758001138,0.0206700531672789,0.11619295941913725,0.21672862960204284
2024,Short gestation/LBW,1.2459394775724162,0.19037197598111935,1.4363114535535355,1.192455052370066,1.3029245551826494,0.08150799216386108,0.30426534599245747,1.3136984929156896,1.569479737405209
2024,Hypoxia and birth asphyxia,0.09259934111840665,0.014543628859465184,0.10714296997787183,0.07726537545741943,0.10853242384453383,-0.02703953917176634,0.05094481963364373,0.06103008839152508,0.14843482552008067
2024,Respiratory distress,0.20114951089210487,-0.017072930839272304,0.18407658005283256,0.1780395640583667,0.22413319496086162,-0.057682129886887014,0.028499538074376517,0.13336298086310572,0.23611627064813956
2024,Hemorrhage,0.11634191452889721,-0.05478982306356533,0.06155209146533188,0.09999961213029736,0.13428702345265928,-0.09023213772076674,-0.01923463187647207,0.02673752102139786,0.09943611402674733
2024,Necrotizing enterocolitis,0.11661477305027222,0.02309068184038387,0.13970545489065608,0.10021153773006135,0.13372185979740575,-0.014881193669652397,0.05747080908727734,0.09841041640287528,0.1808088314478269
2024,Congenital malformations,0.4376042062320412,-0.013720538633088544,0.4238836675989527,0.4094371126681032,0.46663173015673043,-0.12012458444654583,0.09065211500814285,0.313057266074485,0.5340585451315724
2024,SIDS (R95),0.045106719906992665,0.4840524772834627,0.5291591971904553,0.03385329315362918,0.05857348956202952,0.4028346690045088,0.5728078579550553,0.4456494572098479,0.6195435439935663
2024,Ill-defined/unspecified (R99),0.05668890849884134,0.522484334192523,0.5791732426913644,0.04386960798469143,0.06891182291099743,0.43992331809387397,0.6033179929747311,0.49509210761274913,0.6621330182843073
2024,Unintentional injuries,0.00909187048679081,0.07090187676408553,0.07999374725087634,0.0028500566975622216,0.015052739738307895,0.03844837708279741,0.10689972967712544,0.04737650183769783,0.11709209395766003
2024,Accidental suffocation in bed (W75),0.02103150837793359,0.4330913573343488,0.4541228657122824,0.010710325516631014,0.031481284472928486,0.35925006453342245,0.5118450334606902,0.38008644693401533,0.5333300527877062
2024,Assault (homicide),0.00888439652506484,0.0851233300961843,0.09400772662124914,0.0033640844948556923,0.014611384187221124,0.05349383233631878,0.11915167440221641,0.06128311974955342,0.1295503329102389
