year,scheme,composition_effect,rate_effect,total_difference,composition_pct,rate_pct
2003,16-category,6.122829606389134,1.5676807513861586,7.69051035777529,79.61538729609546,20.38461270390457
2003,5-category,4.972221717520302,2.718288640254991,7.690510357775293,64.65398895787541,35.346011042124594
2003,7-category,6.06924343598616,1.6212669217891293,7.690510357775289,78.91860427507272,21.08139572492728
2004,16-category,6.0664083263265285,1.7188297606489198,7.785238086975446,77.92193711423565,22.078062885764393
2004,5-category,4.9182079454408685,2.867030141534576,7.785238086975443,63.17350722605308,36.82649277394693
2004,7-category,6.008724394576002,1.776513692399445,7.785238086975447,77.18099725978172,22.819002740218288
2005,16-category,6.339697673837966,1.2812054095120926,7.620903083350056,83.18827315477567,16.811726845224364
2005,5-category,5.141043144888144,2.4798599384619164,7.620903083350062,67.45976282155002,32.540237178449956
2005,7-category,6.277089006157841,1.3438140771922196,7.620903083350063,82.36673446053723,17.633265539462734
2006,16-category,5.922015047327966,1.6430353388079448,7.5650503861359075,78.28123733558931,21.718762664410722
2006,5-category,4.80421616888873,2.76083421724718,7.565050386135908,63.50540873717348,36.49459126282653
2006,7-category,5.869069673085525,1.695980713050384,7.5650503861359075,77.58136923769176,22.418630762308254
2007,16-category,5.974377755606487,1.5280373761272705,7.502415131733756,79.63272693797003,20.36727306202998
2007,5-category,4.898122448969345,2.604292682764413,7.50241513173376,65.28727567008707,34.712724329912916
2007,7-category,5.91012392309891,1.5922912086348493,7.502415131733758,78.77628496056201,21.223715039437995
2008,16-category,5.531202524559753,1.4615347192246277,6.9927372437843855,79.09924728655088,20.900752713449055
2008,5-category,4.464646089405449,2.5280911543789344,6.992737243784385,63.84690191775656,36.15309808224343
2008,7-category,5.478835734974143,1.5139015088102394,6.992737243784385,78.35037330830785,21.649626691692113
2009,16-category,5.445917309413594,1.4411598907382497,6.887077200151843,79.07443391651722,20.92556608348278
2009,5-category,4.417371518238109,2.4697056819137355,6.887077200151843,64.140002933911,35.859997066089
2009,7-category,5.394171525775264,1.492905674376581,6.887077200151843,78.32308785004379,21.67691214995624
2010,16-category,4.991447393392938,1.1476962588540123,6.139143652246949,81.3052711605152,18.694728839484824
2010,5-category,4.086083320633887,2.0530603316130622,6.1391436522469505,66.55787113139736,33.44212886860261
2010,7-category,4.947312718388359,1.191830933858592,6.139143652246949,80.5863651126265,19.413634887373544
2011,16-category,5.108423834592864,1.1226866195025245,6.231110454095387,81.98255948480838,18.017440515191645
2011,5-category,4.105822126170241,2.1252883279251487,6.23111045409539,65.8923021252447,34.1076978747553
2011,7-category,5.069524606020556,1.1615858480748316,6.231110454095389,81.35828506600485,18.641714933995125
2012,16-category,4.905524776693286,1.0668825224469998,5.972407299140287,82.13647413831644,17.863525861683527
2012,5-category,3.9658318890826796,2.0065754100576068,5.972407299140288,66.40256918937109,33.59743081062887
2012,7-category,4.871559712541049,1.1008475865992393,5.972407299140291,81.56777440886015,18.432225591139822
2013,16-category,4.947364373248261,0.9889111317557631,5.936275505004027,83.34121907040608,16.65878092959387
2013,5-category,3.987737613696721,1.9485378913073022,5.936275505004024,67.1757503561826,32.82424964381739
2013,7-category,4.911490914861139,1.0247845901428834,5.936275505004024,82.7369098809677,17.26309011903228
2014,16-category,4.954485909747071,1.1539333522597,6.108419262006773,81.10913310360091,18.89086689639904
2014,5-category,4.084354567212354,2.024064694794417,6.108419262006773,66.86434561910765,33.13565438089231
2014,7-category,4.915330430742249,1.1930888312645194,6.108419262006767,80.46812472933368,19.531875270666347
2015,16-category,5.019561325271274,1.2881922955079297,6.307753620779205,79.57763773042234,20.422362269577636
2015,5-category,4.010834804194763,2.2969188165844403,6.307753620779204,63.58578735513928,36.41421264486071
2015,7-category,4.9762369134213555,1.3315167073578462,6.307753620779202,78.89079397502906,21.109206024970945
2016,16-category,5.008419438016478,1.342159125548468,6.350578563564942,78.86556142697283,21.134438573027232
2016,5-category,4.029025147030978,2.3215534165339657,6.350578563564943,63.44343443204734,36.55656556795268
2016,7-category,4.967786526902921,1.3827920366620245,6.350578563564946,78.22573135941515,21.77426864058483
2017,16-category,4.830019380746732,1.3365976448670178,6.16661702561375,78.32526911732468,21.674730882675323
2017,5-category,3.8989566285881687,2.267660397025581,6.16661702561375,63.22683267654544,36.773167323454565
2017,7-category,4.7875679497852355,1.3790490758285137,6.166617025613752,77.63686199255642,22.36313800744355
2018,16-category,4.874772398682788,1.131529894761874,6.00630229344466,81.16095661723794,18.839043382762092
2018,5-category,3.9450697108429877,2.0612325826016757,6.006302293444665,65.68217046199413,34.317829538005846
2018,7-category,4.8361394667883,1.1701628266563642,6.006302293444666,80.51775003177092,19.482249968229052
2019,16-category,4.762179286659555,1.2657897444763289,6.027969031135884,79.00138939104986,20.998610608950145
2019,5-category,3.8636913316028014,2.164277699533084,6.0279690311358864,64.09607135746586,35.90392864253412
2019,7-category,4.722346211941457,1.3056228191944272,6.027969031135885,78.34058515479131,21.659414845208673
2020,16-category,4.5283326713483225,1.3801059926244148,5.9084386639727375,76.64178184602743,23.358218153972576
2020,5-category,3.6648899926587255,2.2435486713140116,5.908438663972739,62.028061914321576,37.97193808567838
2020,7-category,4.492460269074192,1.4159783948985465,5.908438663972741,76.03464340702037,23.96535659297959
2021,16-category,4.247580912336177,1.765174780899592,6.012755693235767,70.6428321562212,29.357167843778836
2021,5-category,3.490939021514239,2.5218166717215276,6.012755693235769,58.05888680029818,41.94111319970178
2021,7-category,4.212772890431596,1.79998280280417,6.012755693235767,70.06392917594978,29.936070824050205
2022,16-category,4.422796386787561,1.8099681744334941,6.232764561221053,70.96042764562723,29.0395723543728
2022,5-category,3.525378598564014,2.707385962657038,6.232764561221051,56.56203702123095,43.43796297876906
2022,7-category,4.38478308036933,1.8479814808517219,6.23276456122105,70.35053285424142,29.649467145758624
2023,16-category,4.359407586316461,1.8613500505523195,6.220757636868779,70.0784026768606,29.92159732313942
2023,5-category,3.5659084048588023,2.654849232009978,6.220757636868781,57.32273483417211,42.67726516582788
2023,7-category,4.322652461794932,1.8981051750738493,6.22075763686878,69.4875562451705,30.512443754829533
2024,16-category,4.446402230568589,1.9921001697935337,6.438502400362124,69.0595724608025,30.940427539197486
2024,5-category,3.634057746867966,2.8044446534941576,6.43850240036212,56.44259364823062,43.55740635176944
2024,7-category,4.403034458819205,2.0354679415429198,6.438502400362122,68.3860032198103,31.61399678018973
